Date/Time,Cooling:Electricity [J](Monthly),Heating:NaturalGas [J](Monthly),Fans:Electricity [J](Monthly),HeatingCoils:EnergyTransfer [J](Monthly),CoolingCoils:EnergyTransfer [J](Monthly),InteriorLights:Electricity [J](Monthly),InteriorEquipment:Electricity [J](Monthly),Cooling:Electricity [J](RunPeriod),Heating:NaturalGas [J](RunPeriod),Fans:Electricity [J](RunPeriod),HeatingCoils:EnergyTransfer [J](RunPeriod),CoolingCoils:EnergyTransfer [J](RunPeriod),InteriorLights:Electricity [J](RunPeriod),InteriorEquipment:Electricity [J](RunPeriod),Electricity:Facility [J](TimeStep),Electricity:Facility [J](Monthly),Electricity:Building [J](Monthly),Electricity:HVAC [J](Monthly),NaturalGas:Facility [J](Monthly),NaturalGas:HVAC [J](Monthly),Electricity:Facility [J](RunPeriod),Electricity:Building [J](RunPeriod),Electricity:HVAC [J](RunPeriod),NaturalGas:Facility [J](RunPeriod),NaturalGas:HVAC [J](RunPeriod) 
 06/01  00:15:00,,,,,,,,,,,,,,,427500.0 
 06/01  00:30:00,,,,,,,,,,,,,,,427500.0 
 06/01  00:45:00,,,,,,,,,,,,,,,427500.0 
 06/01  01:00:00,,,,,,,,,,,,,,,427500.0 
 06/01  01:15:00,,,,,,,,,,,,,,,427500.0 
 06/01  01:30:00,,,,,,,,,,,,,,,427500.0 
 06/01  01:45:00,,,,,,,,,,,,,,,427500.0 
 06/01  02:00:00,,,,,,,,,,,,,,,427500.0 
 06/01  02:15:00,,,,,,,,,,,,,,,427500.0 
 06/01  02:30:00,,,,,,,,,,,,,,,427500.0 
 06/01  02:45:00,,,,,,,,,,,,,,,427500.0 
 06/01  03:00:00,,,,,,,,,,,,,,,427500.0 
 06/01  03:15:00,,,,,,,,,,,,,,,427500.0 
 06/01  03:30:00,,,,,,,,,,,,,,,427500.0 
 06/01  03:45:00,,,,,,,,,,,,,,,427500.0 
 06/01  04:00:00,,,,,,,,,,,,,,,427500.0 
 06/01  04:15:00,,,,,,,,,,,,,,,427500.0 
 06/01  04:30:00,,,,,,,,,,,,,,,427500.0 
 06/01  04:45:00,,,,,,,,,,,,,,,427500.0 
 06/01  05:00:00,,,,,,,,,,,,,,,427500.0 
 06/01  05:15:00,,,,,,,,,,,,,,,427500.0 
 06/01  05:30:00,,,,,,,,,,,,,,,427500.0 
 06/01  05:45:00,,,,,,,,,,,,,,,427500.0 
 06/01  06:00:00,,,,,,,,,,,,,,,427500.0 
 06/01  06:15:00,,,,,,,,,,,,,,,427500.0 
 06/01  06:30:00,,,,,,,,,,,,,,,427500.0 
 06/01  06:45:00,,,,,,,,,,,,,,,427500.0 
 06/01  07:00:00,,,,,,,,,,,,,,,427500.0 
 06/01  07:15:00,,,,,,,,,,,,,,,710226.0163378881 
 06/01  07:30:00,,,,,,,,,,,,,,,742075.907210069 
 06/01  07:45:00,,,,,,,,,,,,,,,778579.3416267268 
 06/01  08:00:00,,,,,,,,,,,,,,,852996.4634164339 
 06/01  08:15:00,,,,,,,,,,,,,,,8757724.313846001 
 06/01  08:30:00,,,,,,,,,,,,,,,8979132.179761168 
 06/01  08:45:00,,,,,,,,,,,,,,,9124455.457880883 
 06/01  09:00:00,,,,,,,,,,,,,,,9242552.619722426 
 06/01  09:15:00,,,,,,,,,,,,,,,15973792.478141539 
 06/01  09:30:00,,,,,,,,,,,,,,,16091855.167098248 
 06/01  09:45:00,,,,,,,,,,,,,,,16131981.923445672 
 06/01  10:00:00,,,,,,,,,,,,,,,16249068.695107536 
 06/01  10:15:00,,,,,,,,,,,,,,,16438661.363828033 
 06/01  10:30:00,,,,,,,,,,,,,,,16309537.65708159 
 06/01  10:45:00,,,,,,,,,,,,,,,16155270.995216468 
 06/01  11:00:00,,,,,,,,,,,,,,,15973407.447011473 
 06/01  11:15:00,,,,,,,,,,,,,,,15286868.329520823 
 06/01  11:30:00,,,,,,,,,,,,,,,15198688.386926033 
 06/01  11:45:00,,,,,,,,,,,,,,,15146452.47704298 
 06/01  12:00:00,,,,,,,,,,,,,,,15141244.199822223 
 06/01  12:15:00,,,,,,,,,,,,,,,13083444.580860443 
 06/01  12:30:00,,,,,,,,,,,,,,,13105267.058107533 
 06/01  12:45:00,,,,,,,,,,,,,,,13160528.42263087 
 06/01  13:00:00,,,,,,,,,,,,,,,13210646.54034113 
 06/01  13:15:00,,,,,,,,,,,,,,,15077575.049973074 
 06/01  13:30:00,,,,,,,,,,,,,,,15057615.602164783 
 06/01  13:45:00,,,,,,,,,,,,,,,15043967.850394396 
 06/01  14:00:00,,,,,,,,,,,,,,,15047810.310130054 
 06/01  14:15:00,,,,,,,,,,,,,,,15658884.252292857 
 06/01  14:30:00,,,,,,,,,,,,,,,15746865.98047299 
 06/01  14:45:00,,,,,,,,,,,,,,,15904444.044299345 
 06/01  15:00:00,,,,,,,,,,,,,,,16035460.807408523 
 06/01  15:15:00,,,,,,,,,,,,,,,15720282.57367133 
 06/01  15:30:00,,,,,,,,,,,,,,,15857846.708540801 
 06/01  15:45:00,,,,,,,,,,,,,,,15975079.673042633 
 06/01  16:00:00,,,,,,,,,,,,,,,16079585.392664377 
 06/01  16:15:00,,,,,,,,,,,,,,,15169912.180191673 
 06/01  16:30:00,,,,,,,,,,,,,,,15177487.353665587 
 06/01  16:45:00,,,,,,,,,,,,,,,15154195.94436884 
 06/01  17:00:00,,,,,,,,,,,,,,,15119741.7026349 
 06/01  17:15:00,,,,,,,,,,,,,,,9000000.0 
 06/01  17:30:00,,,,,,,,,,,,,,,9000000.0 
 06/01  17:45:00,,,,,,,,,,,,,,,9000000.0 
 06/01  18:00:00,,,,,,,,,,,,,,,9000000.0 
 06/01  18:15:00,,,,,,,,,,,,,,,5400000.0 
 06/01  18:30:00,,,,,,,,,,,,,,,5400000.0 
 06/01  18:45:00,,,,,,,,,,,,,,,5400000.0 
 06/01  19:00:00,,,,,,,,,,,,,,,5400000.0 
 06/01  19:15:00,,,,,,,,,,,,,,,2700000.0 
 06/01  19:30:00,,,,,,,,,,,,,,,2700000.0 
 06/01  19:45:00,,,,,,,,,,,,,,,2700000.0 
 06/01  20:00:00,,,,,,,,,,,,,,,2700000.0 
 06/01  20:15:00,,,,,,,,,,,,,,,1440000.0 
 06/01  20:30:00,,,,,,,,,,,,,,,1440000.0 
 06/01  20:45:00,,,,,,,,,,,,,,,1440000.0 
 06/01  21:00:00,,,,,,,,,,,,,,,1440000.0 
 06/01  21:15:00,,,,,,,,,,,,,,,427500.0 
 06/01  21:30:00,,,,,,,,,,,,,,,427500.0 
 06/01  21:45:00,,,,,,,,,,,,,,,427500.0 
 06/01  22:00:00,,,,,,,,,,,,,,,427500.0 
 06/01  22:15:00,,,,,,,,,,,,,,,427500.0 
 06/01  22:30:00,,,,,,,,,,,,,,,427500.0 
 06/01  22:45:00,,,,,,,,,,,,,,,427500.0 
 06/01  23:00:00,,,,,,,,,,,,,,,427500.0 
 06/01  23:15:00,,,,,,,,,,,,,,,427500.0 
 06/01  23:30:00,,,,,,,,,,,,,,,427500.0 
 06/01  23:45:00,,,,,,,,,,,,,,,427500.0 
 06/01  24:00:00,135904326.0445525,3007355.7550347643,38356887.4033479,2405884.604027812,631952884.3088363,298350000.0,148320000.0,135904326.0445525,3007355.7550347643,38356887.4033479,2405884.604027812,631952884.3088363,298350000.0,148320000.0,427500.0,620931213.4479004,446670000.0,174261213.44790035,3007355.7550347643,3007355.7550347643,620931213.4479004,446670000.0,174261213.44790035,3007355.7550347643,3007355.7550347643 
