Date/Time,Environment:Site Outdoor Air Drybulb Temperature [C](Hourly),Environment:Site Outdoor Air Drybulb Temperature [C](TimeStep),SPACE1-1 PEOPLE 1:People Occupant Count [](Hourly),SPACE2-1 PEOPLE 1:People Occupant Count [](Hourly),SPACE3-1 PEOPLE 1:People Occupant Count [](Hourly),SPACE4-1 PEOPLE 1:People Occupant Count [](Hourly),SPACE5-1 PEOPLE 1:People Occupant Count [](Hourly),SPACE1-1:Zone People Occupant Count [](TimeStep),SPACE2-1:Zone People Occupant Count [](TimeStep),SPACE3-1:Zone People Occupant Count [](TimeStep),SPACE4-1:Zone People Occupant Count [](TimeStep),SPACE5-1:Zone People Occupant Count [](TimeStep),PLENUM-1:Zone Mean Air Temperature [C](TimeStep),SPACE1-1:Zone Mean Air Temperature [C](TimeStep),SPACE2-1:Zone Mean Air Temperature [C](TimeStep),SPACE3-1:Zone Mean Air Temperature [C](TimeStep),SPACE4-1:Zone Mean Air Temperature [C](TimeStep),SPACE5-1:Zone Mean Air Temperature [C](TimeStep),PLENUM-1:Zone Air Temperature [C](Hourly),PLENUM-1:Zone Air System Sensible Heating Rate [W](Hourly),PLENUM-1:Zone Air System Sensible Cooling Rate [W](Hourly),PLENUM-1:Zone Thermostat Heating Setpoint Temperature [C](TimeStep),PLENUM-1:Zone Thermostat Cooling Setpoint Temperature [C](TimeStep),SPACE1-1:Zone Air Temperature [C](Hourly),SPACE1-1:Zone Air System Sensible Heating Rate [W](Hourly),SPACE1-1:Zone Air System Sensible Cooling Rate [W](Hourly),SPACE1-1:Zone Thermostat Heating Setpoint Temperature [C](TimeStep),SPACE1-1:Zone Thermostat Cooling Setpoint Temperature [C](TimeStep),SPACE2-1:Zone Air Temperature [C](Hourly),SPACE2-1:Zone Air System Sensible Heating Rate [W](Hourly),SPACE2-1:Zone Air System Sensible Cooling Rate [W](Hourly),SPACE2-1:Zone Thermostat Heating Setpoint Temperature [C](TimeStep),SPACE2-1:Zone Thermostat Cooling Setpoint Temperature [C](TimeStep),SPACE3-1:Zone Air Temperature [C](Hourly),SPACE3-1:Zone Air System Sensible Heating Rate [W](Hourly),SPACE3-1:Zone Air System Sensible Cooling Rate [W](Hourly),SPACE3-1:Zone Thermostat Heating Setpoint Temperature [C](TimeStep),SPACE3-1:Zone Thermostat Cooling Setpoint Temperature [C](TimeStep),SPACE4-1:Zone Air Temperature [C](Hourly),SPACE4-1:Zone Air System Sensible Heating Rate [W](Hourly),SPACE4-1:Zone Air System Sensible Cooling Rate [W](Hourly),SPACE4-1:Zone Thermostat Heating Setpoint Temperature [C](TimeStep),SPACE4-1:Zone Thermostat Cooling Setpoint Temperature [C](TimeStep),SPACE5-1:Zone Air Temperature [C](Hourly),SPACE5-1:Zone Air System Sensible Heating Rate [W](Hourly),SPACE5-1:Zone Air System Sensible Cooling Rate [W](Hourly),SPACE5-1:Zone Thermostat Heating Setpoint Temperature [C](TimeStep),SPACE5-1:Zone Thermostat Cooling Setpoint Temperature [C](TimeStep),PLENUM-1:Zone Air CO2 Concentration [ppm](TimeStep),SPACE1-1:Zone Air CO2 Concentration [ppm](TimeStep),SPACE2-1:Zone Air CO2 Concentration [ppm](TimeStep),SPACE3-1:Zone Air CO2 Concentration [ppm](TimeStep),SPACE4-1:Zone Air CO2 Concentration [ppm](TimeStep),SPACE5-1:Zone Air CO2 Concentration [ppm](TimeStep),SPACE1-1 ZONE COIL:Heating Coil NaturalGas Rate [W](Hourly),SPACE2-1 ZONE COIL:Heating Coil NaturalGas Rate [W](Hourly),SPACE3-1 ZONE COIL:Heating Coil NaturalGas Rate [W](Hourly),SPACE4-1 ZONE COIL:Heating Coil NaturalGas Rate [W](Hourly),SPACE5-1 ZONE COIL:Heating Coil NaturalGas Rate [W](Hourly),MAIN HEATING COIL 1:Heating Coil NaturalGas Rate [W](Hourly),SPACE1-1 VAV REHEAT:Zone Air Terminal VAV Damper Position [](Hourly),SPACE1-1 VAV REHEAT:Zone Air Terminal Minimum Air Flow Fraction [](Hourly),SPACE2-1 VAV REHEAT:Zone Air Terminal VAV Damper Position [](Hourly),SPACE2-1 VAV REHEAT:Zone Air Terminal Minimum Air Flow Fraction [](Hourly),SPACE3-1 VAV REHEAT:Zone Air Terminal VAV Damper Position [](Hourly),SPACE3-1 VAV REHEAT:Zone Air Terminal Minimum Air Flow Fraction [](Hourly),SPACE4-1 VAV REHEAT:Zone Air Terminal VAV Damper Position [](Hourly),SPACE4-1 VAV REHEAT:Zone Air Terminal Minimum Air Flow Fraction [](Hourly),SPACE5-1 VAV REHEAT:Zone Air Terminal VAV Damper Position [](Hourly),SPACE5-1 VAV REHEAT:Zone Air Terminal Minimum Air Flow Fraction [](Hourly),SPACE1-1 VAV REHEAT:Zone Air Terminal Outdoor Air Volume Flow Rate [m3/s](Hourly),SPACE2-1 VAV REHEAT:Zone Air Terminal Outdoor Air Volume Flow Rate [m3/s](Hourly),SPACE3-1 VAV REHEAT:Zone Air Terminal Outdoor Air Volume Flow Rate [m3/s](Hourly),SPACE4-1 VAV REHEAT:Zone Air Terminal Outdoor Air Volume Flow Rate [m3/s](Hourly),SPACE5-1 VAV REHEAT:Zone Air Terminal Outdoor Air Volume Flow Rate [m3/s](Hourly),SUPPLY FAN 1:Fan Electricity Rate [W](Hourly),VAV SYS 1:Air System Outdoor Air Flow Fraction [](Hourly),DX COOLING COIL SYSTEM 1:Coil System Compressor Speed Ratio [](Hourly),MAIN COOLING COIL 1:Cooling Coil Electricity Rate [W](Hourly),MAIN COOLING COIL 1:Cooling Coil Runtime Fraction [](Hourly),MAIN COOLING COIL 1:Cooling Coil Basin Heater Electricity Rate [W](Hourly),MAIN COOLING COIL 1:Cooling Coil Basin Heater Electricity Energy [J](Hourly),OUTSIDE AIR INLET NODE 1:System Node Standard Density Volume Flow Rate [m3/s](Hourly),OUTSIDE AIR INLET NODE 1:System Node Current Density Volume Flow Rate [m3/s](Hourly),SPACE1-1 IN NODE:System Node Temperature [C](Hourly),SPACE1-1 IN NODE:System Node Standard Density Volume Flow Rate [m3/s](Hourly),SPACE1-1 IN NODE:System Node Current Density Volume Flow Rate [m3/s](Hourly),SPACE2-1 IN NODE:System Node Temperature [C](Hourly),SPACE2-1 IN NODE:System Node Standard Density Volume Flow Rate [m3/s](Hourly),SPACE2-1 IN NODE:System Node Current Density Volume Flow Rate [m3/s](Hourly),SPACE3-1 IN NODE:System Node Temperature [C](Hourly),SPACE3-1 IN NODE:System Node Standard Density Volume Flow Rate [m3/s](Hourly),SPACE3-1 IN NODE:System Node Current Density Volume Flow Rate [m3/s](Hourly),SPACE4-1 IN NODE:System Node Temperature [C](Hourly),SPACE4-1 IN NODE:System Node Standard Density Volume Flow Rate [m3/s](Hourly),SPACE4-1 IN NODE:System Node Current Density Volume Flow Rate [m3/s](Hourly),SPACE5-1 IN NODE:System Node Temperature [C](Hourly),SPACE5-1 IN NODE:System Node Standard Density Volume Flow Rate [m3/s](Hourly),SPACE5-1 IN NODE:System Node Current Density Volume Flow Rate [m3/s](Hourly),Cooling:Electricity [J](Monthly),Heating:NaturalGas [J](Monthly),Fans:Electricity [J](Monthly),HeatingCoils:EnergyTransfer [J](Monthly),CoolingCoils:EnergyTransfer [J](Monthly),InteriorLights:Electricity [J](Monthly),InteriorEquipment:Electricity [J](Monthly),Cooling:Electricity [J](RunPeriod),Heating:NaturalGas [J](RunPeriod),Fans:Electricity [J](RunPeriod),HeatingCoils:EnergyTransfer [J](RunPeriod),CoolingCoils:EnergyTransfer [J](RunPeriod),InteriorLights:Electricity [J](RunPeriod),InteriorEquipment:Electricity [J](RunPeriod),Electricity:Facility [J](TimeStep) 
 06/01  00:15:00,,14.500000000000002,,,,,,0.0,0.0,0.0,0.0,0.0,23.5562369473717,21.344436631602477,21.537541875298952,21.336103538500673,21.963745249181624,22.844255192467564,,,,0.0,0.0,,,,12.8,40.0,,,,12.8,40.0,,,,12.8,40.0,,,,12.8,40.0,,,,12.8,40.0,938.100567446392,1690.3172783661103,1729.7549630240123,1698.21953053294,1687.9967005490014,1740.3582760076074,,,,,,,,,,,,,,,,,,,,,,,,,,,,,,,,,,,,,,,,,,,,,,,,,,,,,,,,,,,,427500.0 
 06/01  00:30:00,,15.700000000000001,,,,,,0.0,0.0,0.0,0.0,0.0,23.322594700960813,21.27330373010268,21.44406667810538,21.265690232978546,21.81377421167671,22.687873750819353,,,,0.0,0.0,,,,12.8,40.0,,,,12.8,40.0,,,,12.8,40.0,,,,12.8,40.0,,,,12.8,40.0,938.100567446392,1690.3172783496202,1729.7549630066546,1698.2195305164498,1687.9967005316432,1740.3582759915844,,,,,,,,,,,,,,,,,,,,,,,,,,,,,,,,,,,,,,,,,,,,,,,,,,,,,,,,,,,,427500.0 
 06/01  00:45:00,,16.900000000000002,,,,,,0.0,0.0,0.0,0.0,0.0,23.099701504669767,21.237551367443398,21.37966402285222,21.230406762062334,21.700072917601904,22.527275593502203,,,,0.0,0.0,,,,12.8,40.0,,,,12.8,40.0,,,,12.8,40.0,,,,12.8,40.0,,,,12.8,40.0,938.100567446392,1690.3172783321402,1729.7549629882544,1698.21953049897,1687.9967005132435,1740.3582759745996,,,,,,,,,,,,,,,,,,,,,,,,,,,,,,,,,,,,,,,,,,,,,,,,,,,,,,,,,,,,427500.0 
 06/01  01:00:00,16.300000000000004,18.1,0.0,0.0,0.0,0.0,0.0,0.0,0.0,0.0,0.0,0.0,22.89608742368772,21.229736637378647,21.340164819520453,21.22280645452487,21.61776491039487,22.3905578383744,23.218655144172498,0.0,0.0,0.0,0.0,21.271257091631803,15.840000000000002,0.0,12.8,40.0,21.42535934894425,6.840000000000001,0.0,12.8,40.0,21.263751747016606,15.840000000000002,0.0,12.8,40.0,21.773839322213774,6.840000000000001,0.0,12.8,40.0,22.61249059379088,29.640000000000004,0.0,12.8,40.0,938.100567446392,1690.3172783240145,1729.7549629797013,1698.2195304908446,1687.9967005046906,1740.3582759667042,0.0,0.0,0.0,0.0,0.0,0.0,0.0,0.0,0.0,0.0,0.0,0.0,0.0,0.0,0.0,0.0,0.0,0.0,0.0,0.0,0.0,0.0,0.0,0.0,0.0,0.0,0.0,0.0,0.0,0.0,23.445544325157133,0.0,0.0,23.445544325157133,0.0,0.0,23.445544325157133,0.0,0.0,23.445544325157133,0.0,0.0,23.445544325157133,0.0,0.0,,,,,,,,,,,,,,,427500.0 
 06/01  01:15:00,,18.125,,,,,,0.0,0.0,0.0,0.0,0.0,22.707181430247726,21.20756236891277,21.293734036903036,21.201118862790334,21.534373595296366,22.255490018021387,,,,0.0,0.0,,,,12.8,40.0,,,,12.8,40.0,,,,12.8,40.0,,,,12.8,40.0,,,,12.8,40.0,938.1005674463919,1690.317278322022,1729.754962977604,1698.2195304888521,1687.9967005025933,1740.358275964768,,,,,,,,,,,,,,,,,,,,,,,,,,,,,,,,,,,,,,,,,,,,,,,,,,,,,,,,,,,,427500.0 
 06/01  01:30:00,,18.15,,,,,,0.0,0.0,0.0,0.0,0.0,22.53796016174556,21.169218816398057,21.240272332569536,21.163496463762264,21.448842919925323,22.142023080733207,,,,0.0,0.0,,,,12.8,40.0,,,,12.8,40.0,,,,12.8,40.0,,,,12.8,40.0,,,,12.8,40.0,938.100567446392,1690.3172783222317,1729.7549629778246,1698.2195304890618,1687.9967005028136,1740.3582759649712,,,,,,,,,,,,,,,,,,,,,,,,,,,,,,,,,,,,,,,,,,,,,,,,,,,,,,,,,,,,427500.0 
 06/01  01:45:00,,18.174999999999997,,,,,,0.0,0.0,0.0,0.0,0.0,22.38397333069745,21.1265700707932,21.188315712470164,21.12163592656479,21.369050618475022,22.031551751483313,,,,0.0,0.0,,,,12.8,40.0,,,,12.8,40.0,,,,12.8,40.0,,,,12.8,40.0,,,,12.8,40.0,938.1005674463919,1690.3172783227274,1729.7549629783464,1698.2195304895577,1687.9967005033352,1740.358275965453,,,,,,,,,,,,,,,,,,,,,,,,,,,,,,,,,,,,,,,,,,,,,,,,,,,,,,,,,,,,427500.0 
 06/01  02:00:00,18.162499999999998,18.2,0.0,0.0,0.0,0.0,0.0,0.0,0.0,0.0,0.0,0.0,22.24746500281742,21.086030577910975,21.141338613868502,21.08186410931643,21.297986126129253,21.938094020535225,22.469144981377042,0.0,0.0,0.0,0.0,21.14734545850375,15.840000000000002,0.0,12.8,40.0,21.21591517395281,6.840000000000001,0.0,12.8,40.0,21.142028840608454,15.840000000000002,0.0,12.8,40.0,21.412563314956486,6.840000000000001,0.0,12.8,40.0,22.09178971769328,29.640000000000004,0.0,12.8,40.0,938.1005674463919,1690.317278323005,1729.754962978638,1698.219530489835,1687.9967005036272,1740.3582759657227,0.0,0.0,0.0,0.0,0.0,0.0,0.0,0.0,0.0,0.0,0.0,0.0,0.0,0.0,0.0,0.0,0.0,0.0,0.0,0.0,0.0,0.0,0.0,0.0,0.0,0.0,0.0,0.0,0.0,0.0,22.631300586594612,0.0,0.0,22.631300586594612,0.0,0.0,22.631300586594612,0.0,0.0,22.631300586594612,0.0,0.0,22.631300586594612,0.0,0.0,,,,,,,,,,,,,,,427500.0 
 06/01  02:15:00,,18.2,,,,,,0.0,0.0,0.0,0.0,0.0,22.122516841956354,21.047376913061235,21.098002524249043,21.04391459420161,21.233627188765333,21.847309795334837,,,,0.0,0.0,,,,12.8,40.0,,,,12.8,40.0,,,,12.8,40.0,,,,12.8,40.0,,,,12.8,40.0,938.100567446392,1690.3172783230914,1729.7549629787288,1698.2195304899215,1687.9967005037179,1740.3582759658066,,,,,,,,,,,,,,,,,,,,,,,,,,,,,,,,,,,,,,,,,,,,,,,,,,,,,,,,,,,,427500.0 
 06/01  02:30:00,,18.2,,,,,,0.0,0.0,0.0,0.0,0.0,22.010616844654322,21.009843274071283,21.057194333996073,21.006986462577,21.174553603015443,21.769702075346313,,,,0.0,0.0,,,,12.8,40.0,,,,12.8,40.0,,,,12.8,40.0,,,,12.8,40.0,,,,12.8,40.0,938.100567446392,1690.3172783230962,1729.7549629787336,1698.2195304899258,1687.9967005037226,1740.358275965811,,,,,,,,,,,,,,,,,,,,,,,,,,,,,,,,,,,,,,,,,,,,,,,,,,,,,,,,,,,,427500.0 
 06/01  02:45:00,,18.2,,,,,,0.0,0.0,0.0,0.0,0.0,21.908229778985344,20.973143896020446,21.018327274867126,20.970794166592288,21.119889453459844,21.700298981022264,,,,0.0,0.0,,,,12.8,40.0,,,,12.8,40.0,,,,12.8,40.0,,,,12.8,40.0,,,,12.8,40.0,938.100567446392,1690.317278323083,1729.7549629787202,1698.2195304899128,1687.9967005037095,1740.3582759657986,,,,,,,,,,,,,,,,,,,,,,,,,,,,,,,,,,,,,,,,,,,,,,,,,,,,,,,,,,,,427500.0 
 06/01  03:00:00,18.2,18.2,0.0,0.0,0.0,0.0,0.0,0.0,0.0,0.0,0.0,0.0,21.812885074072362,20.937382248848085,20.98117215656111,20.935449769539016,21.069253322280996,21.635595723289764,21.963562134917098,0.0,0.0,0.0,0.0,20.99193658300026,15.840000000000002,0.0,12.8,40.0,21.03867407241834,6.840000000000001,0.0,12.8,40.0,20.98928624822748,15.840000000000002,0.0,12.8,40.0,21.149330891880407,6.840000000000001,0.0,12.8,40.0,21.738226643748295,29.640000000000004,0.0,12.8,40.0,938.100567446392,1690.3172783230739,1729.754962978711,1698.2195304899044,1687.9967005037001,1740.3582759657902,0.0,0.0,0.0,0.0,0.0,0.0,0.0,0.0,0.0,0.0,0.0,0.0,0.0,0.0,0.0,0.0,0.0,0.0,0.0,0.0,0.0,0.0,0.0,0.0,0.0,0.0,0.0,0.0,0.0,0.0,22.07220711710336,0.0,0.0,22.07220711710336,0.0,0.0,22.07220711710336,0.0,0.0,22.07220711710336,0.0,0.0,22.07220711710336,0.0,0.0,,,,,,,,,,,,,,,427500.0 
 06/01  03:15:00,,18.224999999999998,,,,,,0.0,0.0,0.0,0.0,0.0,21.723524135043668,20.90328377179529,20.946060162613918,20.901712929387827,21.02251640437973,21.57485555971187,,,,0.0,0.0,,,,12.8,40.0,,,,12.8,40.0,,,,12.8,40.0,,,,12.8,40.0,,,,12.8,40.0,938.1005674463919,1690.3172783230707,1729.7549629787077,1698.2195304899014,1687.996700503697,1740.358275965787,,,,,,,,,,,,,,,,,,,,,,,,,,,,,,,,,,,,,,,,,,,,,,,,,,,,,,,,,,,,427500.0 
 06/01  03:30:00,,18.25,,,,,,0.0,0.0,0.0,0.0,0.0,21.639486277123915,20.871079569245733,20.912998861464335,20.86983521297163,20.97934748987485,21.518051677656533,,,,0.0,0.0,,,,12.8,40.0,,,,12.8,40.0,,,,12.8,40.0,,,,12.8,40.0,,,,12.8,40.0,938.100567446392,1690.3172783230702,1729.754962978707,1698.2195304899012,1687.9967005036965,1740.3582759657866,,,,,,,,,,,,,,,,,,,,,,,,,,,,,,,,,,,,,,,,,,,,,,,,,,,,,,,,,,,,427500.0 
 06/01  03:45:00,,18.275000000000002,,,,,,0.0,0.0,0.0,0.0,0.0,21.560171043370342,20.84060701785295,20.881748447850878,20.839657008327183,20.939307252428982,21.465008625533994,,,,0.0,0.0,,,,12.8,40.0,,,,12.8,40.0,,,,12.8,40.0,,,,12.8,40.0,,,,12.8,40.0,938.1005674463921,1690.3172783230707,1729.7549629787072,1698.2195304899017,1687.996700503697,1740.358275965787,,,,,,,,,,,,,,,,,,,,,,,,,,,,,,,,,,,,,,,,,,,,,,,,,,,,,,,,,,,,427500.0 
 06/01  04:00:00,18.2625,18.3,0.0,0.0,0.0,0.0,0.0,0.0,0.0,0.0,0.0,0.0,21.48507800251839,20.81167756394679,20.85209521958591,20.810988591755162,20.902027284811457,21.415416140056823,21.60206486451408,0.0,0.0,0.0,0.0,20.85666198071019,15.840000000000002,0.0,12.8,40.0,20.89822567287876,6.840000000000001,0.0,12.8,40.0,20.85554843561045,15.840000000000002,0.0,12.8,40.0,20.960799607873756,6.840000000000001,0.0,12.8,40.0,21.493333000739806,29.640000000000004,0.0,12.8,40.0,938.1005674463922,1690.3172783230707,1729.7549629787077,1698.2195304899021,1687.9967005036974,1740.358275965787,0.0,0.0,0.0,0.0,0.0,0.0,0.0,0.0,0.0,0.0,0.0,0.0,0.0,0.0,0.0,0.0,0.0,0.0,0.0,0.0,0.0,0.0,0.0,0.0,0.0,0.0,0.0,0.0,0.0,0.0,21.68401663240257,0.0,0.0,21.68401663240257,0.0,0.0,21.68401663240257,0.0,0.0,21.68401663240257,0.0,0.0,21.68401663240257,0.0,0.0,,,,,,,,,,,,,,,427500.0 
 06/01  04:15:00,,18.175,,,,,,0.0,0.0,0.0,0.0,0.0,21.423111540436157,20.77994260473061,20.82069425745636,20.77959947850015,20.863989784955336,21.3703540603741,,,,0.0,0.0,,,,12.8,40.0,,,,12.8,40.0,,,,12.8,40.0,,,,12.8,40.0,,,,12.8,40.0,938.1005674463922,1690.3172783230705,1729.7549629787077,1698.2195304899024,1687.9967005036974,1740.358275965787,,,,,,,,,,,,,,,,,,,,,,,,,,,,,,,,,,,,,,,,,,,,,,,,,,,,,,,,,,,,427500.0 
 06/01  04:30:00,,18.05,,,,,,0.0,0.0,0.0,0.0,0.0,21.365623964960363,20.75525378777275,20.80931108533912,20.773101475490098,20.841496110458504,21.328771303674745,,,,0.0,0.0,,,,12.8,40.0,,,,12.8,40.0,,,,12.8,40.0,,,,12.8,40.0,,,,12.8,40.0,938.1005674463923,1690.3172783230705,1729.7549629787072,1698.2195304899028,1687.9967005036972,1740.3582759657872,,,,,,,,,,,,,,,,,,,,,,,,,,,,,,,,,,,,,,,,,,,,,,,,,,,,,,,,,,,,427500.0 
 06/01  04:45:00,,17.925,,,,,,0.0,0.0,0.0,0.0,0.0,21.310263638427852,20.73965385602336,20.81794260356692,20.79301448705096,20.836157134897316,21.29059062984544,,,,0.0,0.0,,,,12.8,40.0,,,,12.8,40.0,,,,12.8,40.0,,,,12.8,40.0,,,,12.8,40.0,938.1005674463923,1690.3172783230707,1729.7549629787072,1698.219530489903,1687.9967005036974,1740.3582759657875,,,,,,,,,,,,,,,,,,,,,,,,,,,,,,,,,,,,,,,,,,,,,,,,,,,,,,,,,,,,427500.0 
 06/01  05:00:00,17.9875,17.8,0.0,0.0,0.0,0.0,0.0,0.0,0.0,0.0,0.0,0.0,21.25829000164213,20.731343683707582,20.839859903536635,20.822268122752313,20.844002731495316,21.25627422870455,21.339322286366624,0.0,0.0,0.0,0.0,20.751548483058578,15.840000000000002,0.0,12.8,40.0,20.82195196247476,6.840000000000001,0.0,12.8,40.0,20.791995890948378,15.840000000000002,0.0,12.8,40.0,20.846411440451618,6.840000000000001,0.0,12.8,40.0,21.31149755564971,29.640000000000004,0.0,12.8,40.0,938.1005674463922,1690.3172783230707,1729.7549629787072,1698.219530489903,1687.9967005036972,1740.3582759657872,0.0,0.0,0.0,0.0,0.0,0.0,0.0,0.0,0.0,0.0,0.0,0.0,0.0,0.0,0.0,0.0,0.0,0.0,0.0,0.0,0.0,0.0,0.0,0.0,0.0,0.0,0.0,0.0,0.0,0.0,21.39601928658569,0.0,0.0,21.39601928658569,0.0,0.0,21.39601928658569,0.0,0.0,21.39601928658569,0.0,0.0,21.39601928658569,0.0,0.0,,,,,,,,,,,,,,,427500.0 
 06/01  05:15:00,,17.375,,,,,,0.0,0.0,0.0,0.0,0.0,21.214623038127556,20.72304959123056,20.862490621956507,20.846333670609802,20.857863378612727,21.22660297898004,,,,0.0,0.0,,,,12.8,40.0,,,,12.8,40.0,,,,12.8,40.0,,,,12.8,40.0,,,,12.8,40.0,938.100567446392,1690.3172783230707,1729.7549629787072,1698.219530489903,1687.9967005036972,1740.358275965787,,,,,,,,,,,,,,,,,,,,,,,,,,,,,,,,,,,,,,,,,,,,,,,,,,,,,,,,,,,,427500.0 
 06/01  05:30:00,,16.950000000000003,,,,,,0.0,0.0,0.0,0.0,0.0,21.175403247403054,20.71121455667975,20.886363608765993,20.867837883583665,20.8746816458882,21.201293000205688,,,,0.0,0.0,,,,12.8,40.0,,,,12.8,40.0,,,,12.8,40.0,,,,12.8,40.0,,,,12.8,40.0,938.1005674463919,1690.3172783230707,1729.7549629787072,1698.219530489903,1687.9967005036972,1740.3582759657868,,,,,,,,,,,,,,,,,,,,,,,,,,,,,,,,,,,,,,,,,,,,,,,,,,,,,,,,,,,,427500.0 
 06/01  05:45:00,,16.525000000000002,,,,,,0.0,0.0,0.0,0.0,0.0,21.140331248116812,20.701909746068775,20.9255643649043,20.903875586910164,20.90263299391717,21.179975802764307,,,,0.0,0.0,,,,12.8,40.0,,,,12.8,40.0,,,,12.8,40.0,,,,12.8,40.0,,,,12.8,40.0,938.1005674463919,1690.3172783230705,1729.7549629787072,1698.219530489903,1687.9967005036974,1740.3582759657872,,,,,,,,,,,,,,,,,,,,,,,,,,,,,,,,,,,,,,,,,,,,,,,,,,,,,,,,,,,,427500.0 
 06/01  06:00:00,16.737500000000004,16.1,0.0,0.0,0.0,0.0,0.0,0.0,0.0,0.0,0.0,0.0,21.11380771649781,20.697100478615223,20.980941865223283,20.95532681108678,20.94237285178355,21.16266924327031,21.161041312536305,0.0,0.0,0.0,0.0,20.70831859314858,15.840000000000002,0.0,12.8,40.0,20.913840115212523,6.840000000000001,0.0,12.8,40.0,20.893343488047602,15.840000000000002,0.0,12.8,40.0,20.89438771755041,6.840000000000001,0.0,12.8,40.0,21.19263525630509,29.640000000000004,0.0,12.8,40.0,938.1005674463919,1690.3172783230707,1729.7549629787072,1698.219530489903,1687.9967005036972,1740.3582759657877,0.0,0.0,0.0,0.0,0.0,0.0,0.0,0.0,0.0,0.0,0.0,0.0,0.0,0.0,0.0,0.0,0.0,0.0,0.0,0.0,0.0,0.0,0.0,0.0,0.0,0.0,0.0,0.0,0.0,0.0,21.19716188382239,0.0,0.0,21.19716188382239,0.0,0.0,21.19716188382239,0.0,0.0,21.19716188382239,0.0,0.0,21.19716188382239,0.0,0.0,,,,,,,,,,,,,,,427500.0 
 06/01  06:15:00,,15.975000000000001,,,,,,0.0,0.0,0.0,0.0,0.0,21.090964978645,20.70575504311386,21.054221837925432,21.024801444671986,20.998288291562496,21.149562281369466,,,,0.0,0.0,,,,12.8,40.0,,,,12.8,40.0,,,,12.8,40.0,,,,12.8,40.0,,,,12.8,40.0,938.1005674463919,1690.3172783230705,1729.7549629787072,1698.219530489903,1687.9967005036972,1740.3582759657882,,,,,,,,,,,,,,,,,,,,,,,,,,,,,,,,,,,,,,,,,,,,,,,,,,,,,,,,,,,,427500.0 
 06/01  06:30:00,,15.850000000000001,,,,,,0.0,0.0,0.0,0.0,0.0,21.071465159661372,20.726649639420778,21.141907015021282,21.108482659574918,21.068033433004995,21.14100133052363,,,,0.0,0.0,,,,12.8,40.0,,,,12.8,40.0,,,,12.8,40.0,,,,12.8,40.0,,,,12.8,40.0,938.100567446392,1690.3172783230707,1729.7549629787072,1698.2195304899033,1687.9967005036972,1740.3582759657882,,,,,,,,,,,,,,,,,,,,,,,,,,,,,,,,,,,,,,,,,,,,,,,,,,,,,,,,,,,,427500.0 
 06/01  06:45:00,,15.725,,,,,,0.0,0.0,0.0,0.0,0.0,21.071786492306984,20.79277435286691,21.500098854937345,21.42119722511984,21.189192592901122,21.138711151832254,,,,0.0,0.0,,,,12.8,40.0,,,,12.8,40.0,,,,12.8,40.0,,,,12.8,40.0,,,,12.8,40.0,938.100567446392,1690.3172783230707,1729.7549629787072,1698.219530489904,1687.9967005036972,1740.358275965788,,,,,,,,,,,,,,,,,,,,,,,,,,,,,,,,,,,,,,,,,,,,,,,,,,,,,,,,,,,,427500.0 
 06/01  07:00:00,15.787500000000001,15.6,0.0,0.0,0.0,0.0,0.0,0.0,0.0,0.0,0.0,0.0,21.093823921762223,20.907501531091704,22.11696323763035,21.930403098367705,21.37471577982216,21.147085054643327,21.082010138093896,0.0,0.0,0.0,0.0,20.783170141623316,15.840000000000002,0.0,12.8,40.0,21.4532977363786,6.840000000000001,0.0,12.8,40.0,21.37122110693361,15.840000000000002,0.0,12.8,40.0,21.15755752432269,6.840000000000001,0.0,12.8,40.0,21.144089954592168,29.640000000000004,0.0,12.8,40.0,938.100567446392,1690.3172783230712,1729.7549629787077,1698.2195304899042,1687.9967005036974,1740.3582759657884,0.0,0.0,0.0,0.0,0.0,0.0,0.0,0.0,0.0,0.0,0.0,0.0,0.0,0.0,0.0,0.0,0.0,0.0,0.0,0.0,0.0,0.0,0.0,0.0,0.0,0.0,0.0,0.0,0.0,0.0,21.08918833160016,0.0,0.0,21.08918833160016,0.0,0.0,21.08918833160016,0.0,0.0,21.08918833160016,0.0,0.0,21.08918833160016,0.0,0.0,,,,,,,,,,,,,,,427500.0 
 06/01  07:15:00,,15.875,,,,,,0.0,0.0,0.0,0.0,0.0,21.1855500719787,21.097865704180474,22.421785409981723,22.262348999738343,21.146151783968918,21.101199135758826,,,,0.0,0.0,,,,21.1,23.9,,,,21.1,23.9,,,,21.1,23.9,,,,21.1,23.9,,,,21.1,23.9,1183.0191182927956,1575.7398329861937,1524.6491952356168,1585.446567503771,1457.7191852724204,1623.1279818562994,,,,,,,,,,,,,,,,,,,,,,,,,,,,,,,,,,,,,,,,,,,,,,,,,,,,,,,,,,,,710226.0163378881 
 06/01  07:30:00,,16.15,,,,,,0.0,0.0,0.0,0.0,0.0,21.276679317552688,21.099919497778608,22.922905171037428,22.643688546901274,21.100618246532274,21.100555950504777,,,,0.0,0.0,,,,21.1,23.9,,,,21.1,23.9,,,,21.1,23.9,,,,21.1,23.9,,,,21.1,23.9,1420.7927789144928,1371.3000139142382,1189.2846950746857,1383.6045292904582,1094.559180881046,1413.6001203082515,,,,,,,,,,,,,,,,,,,,,,,,,,,,,,,,,,,,,,,,,,,,,,,,,,,,,,,,,,,,742075.907210069 
 06/01  07:45:00,,16.424999999999997,,,,,,0.0,0.0,0.0,0.0,0.0,21.38570293097241,21.09969380418717,23.744226626287432,23.13225556417641,21.09931613489898,21.100197004678005,,,,0.0,0.0,,,,21.1,23.9,,,,21.1,23.9,,,,21.1,23.9,,,,21.1,23.9,,,,21.1,23.9,1359.1417641704618,1306.8677200975364,1087.5265842246886,1319.5366266036372,1004.4698871462942,1347.3599855506404,,,,,,,,,,,,,,,,,,,,,,,,,,,,,,,,,,,,,,,,,,,,,,,,,,,,,,,,,,,,778579.3416267268 
 06/01  08:00:00,16.287499999999998,16.7,0.0,0.0,0.0,0.0,0.0,0.0,0.0,0.0,0.0,0.0,21.558160889019966,21.177830044541164,23.887442660337495,23.630720257091852,21.12200616990404,21.100190484097332,21.35152330238094,232.98065053478427,0.0,0.0,0.0,21.118827262671854,17.31457365985646,255.5209878081238,21.1,23.9,23.24408996691102,0.0,600.1371891632905,21.1,23.9,22.91725334197697,0.0,464.4238153153158,21.1,23.9,21.117023083826055,0.0,319.6712587935527,21.1,23.9,21.100535643759734,0.0,161.80428892971648,21.1,23.9,1282.3215159123924,1256.3690733358408,884.4536545286022,1269.0853451588996,942.5895632759959,1295.3708546966968,161.33558021205087,0.0,0.0,35.945881027711884,638.0951373810051,0.0,0.1077861920293435,0.1,0.1479971766734026,0.1,0.11284299005970723,0.1,0.1,0.1,0.1853008286660625,0.1,0.050373280000000006,0.059084786509545004,0.04901184,0.047373607859511974,0.09270492,137.08767898010535,1.0,0.0,244.54502340631632,0.10832578640212837,0.0,0.0,0.298548434369057,0.2970560023272437,17.13398247190746,0.050373280000000006,0.05022461294746947,14.998498679866014,0.059084786509545004,0.058467429539202115,14.998498679866014,0.04901184,0.048507547531463094,15.504432710210182,0.047373607859511974,0.046968521475305815,19.588442323233686,0.09270492,0.09321261461007911,,,,,,,,,,,,,,,852996.4634164339 
 06/01  08:15:00,,17.25,,,,,,11.0,5.0,11.0,5.0,20.0,22.248200872961004,22.003659546730983,23.897657535258862,23.89132392352419,22.08515850039334,21.817856201495097,,,,0.0,0.0,,,,21.1,23.9,,,,21.1,23.9,,,,21.1,23.9,,,,21.1,23.9,,,,21.1,23.9,1183.1499098407014,1198.4159560553933,700.2274042398968,1101.6751988258766,936.7154925230932,1232.0533822392904,,,,,,,,,,,,,,,,,,,,,,,,,,,,,,,,,,,,,,,,,,,,,,,,,,,,,,,,,,,,8757724.313846001 
 06/01  08:30:00,,17.799999999999997,,,,,,11.0,5.0,11.0,5.0,20.0,22.758024030249725,22.762573006379398,23.899210858694694,23.89869112255107,22.86984111168088,22.546371571902235,,,,0.0,0.0,,,,21.1,23.9,,,,21.1,23.9,,,,21.1,23.9,,,,21.1,23.9,,,,21.1,23.9,984.5163437110588,1091.912040109172,518.8701290383425,833.0191144529053,911.8612587026955,1115.9456118006522,,,,,,,,,,,,,,,,,,,,,,,,,,,,,,,,,,,,,,,,,,,,,,,,,,,,,,,,,,,,8979132.179761168 
 06/01  08:45:00,,18.349999999999998,,,,,,11.0,5.0,11.0,5.0,20.0,23.137094751194034,23.280242294759752,23.89894044462196,23.898597107036952,23.374673890053543,23.01198755195606,,,,0.0,0.0,,,,21.1,23.9,,,,21.1,23.9,,,,21.1,23.9,,,,21.1,23.9,,,,21.1,23.9,902.4949578189435,1071.5317631221326,514.3032244794506,795.3689243471033,906.2151728195714,1093.544041387901,,,,,,,,,,,,,,,,,,,,,,,,,,,,,,,,,,,,,,,,,,,,,,,,,,,,,,,,,,,,9124455.457880883 
 06/01  09:00:00,18.074999999999996,18.9,11.0,5.0,11.0,5.0,20.0,11.0,5.0,11.0,5.0,20.0,23.470491517404653,23.735641646495385,23.899156411452665,23.899054466446422,23.812114494370444,23.37801807724866,22.903452792952354,1729.03948923723,0.0,0.0,0.0,22.94552912359138,0.0,977.6958617442383,21.1,23.9,23.898741312507045,0.0,2678.764250086693,21.1,23.9,23.896916654889658,0.0,2362.4062741478956,21.1,23.9,23.035446999124552,0.0,458.6581180061116,21.1,23.9,22.688558350650517,0.0,1730.6396015504156,21.1,23.9,802.3053987062357,1003.7683196642367,479.7975903693797,678.5058752400159,889.9507955923754,1019.0280744514777,0.0,0.0,0.0,0.0,0.0,0.0,0.21888197713929694,0.1,0.6286206264123332,0.1,0.5087479261489467,0.1,0.10018218392495412,0.1,0.37398982409452847,0.1,0.10229328000000001,0.2509636760776406,0.2209678416315503,0.047459914957702805,0.18710492,270.40701602446813,1.0,0.0,1008.4442537562206,0.44596190964865645,0.0,0.0,0.8087896326668937,0.8094140241475359,15.00752271880703,0.10229328000000001,0.10118825556789435,15.00752271880703,0.2509636760776406,0.24825048243060893,15.00752271880703,0.2209678416315503,0.2185800214325241,15.00752271880703,0.047459914957702805,0.046947219990339004,15.00752271880703,0.18710492,0.1850837167697665,,,,,,,,,,,,,,,9242552.619722426 
 06/01  09:15:00,,19.174999999999997,,,,,,11.0,5.0,11.0,5.0,20.0,23.522845309044158,22.26629165090017,23.90022790153401,22.963259319716823,22.321691401007698,22.7799763922088,,,,0.0,0.0,,,,21.1,23.900000000000002,,,,21.1,23.900000000000002,,,,21.1,23.900000000000002,,,,21.1,23.900000000000002,,,,21.1,23.900000000000002,851.3339489442067,931.8782725786361,711.8088099221228,781.9759572365889,875.3068881452814,992.0246354004395,,,,,,,,,,,,,,,,,,,,,,,,,,,,,,,,,,,,,,,,,,,,,,,,,,,,,,,,,,,,15973792.478141539 
 06/01  09:30:00,,19.45,,,,,,11.0,5.0,11.0,5.0,20.0,23.413306825405613,21.729296818606226,23.899887576882637,22.535749701819427,21.81267934208132,22.48552615511824,,,,0.0,0.0,,,,21.1,23.9,,,,21.1,23.9,,,,21.1,23.9,,,,21.1,23.9,,,,21.1,23.9,871.0150325716143,909.5008217848284,786.2227061877223,826.1392877667452,877.6880371567468,979.5960312092568,,,,,,,,,,,,,,,,,,,,,,,,,,,,,,,,,,,,,,,,,,,,,,,,,,,,,,,,,,,,16091855.167098248 
 06/01  09:45:00,,19.725,,,,,,11.0,5.0,11.0,5.0,20.0,23.406342979658383,21.618595745925443,23.899339406454416,22.354244592911435,21.709661896256886,22.39855945560805,,,,0.0,0.0,,,,21.1,23.9,,,,21.1,23.9,,,,21.1,23.9,,,,21.1,23.9,,,,21.1,23.9,890.2293665790957,901.3195478548432,833.2939233357796,866.9402239534722,887.6034969113236,972.8690555036094,,,,,,,,,,,,,,,,,,,,,,,,,,,,,,,,,,,,,,,,,,,,,,,,,,,,,,,,,,,,16131981.923445672 
 06/01  10:00:00,19.5875,20.0,11.0,5.0,11.0,5.0,20.0,11.0,5.0,11.0,5.0,20.0,23.43950422604091,21.613462837480107,23.899305609011005,22.270755226005683,21.687311272965466,22.397375691866376,23.445499835037264,105.11985601752968,624.5384325521475,0.0,0.0,21.806911763227987,0.0,3825.2381940051855,21.1,23.9,23.899690123470517,0.0,3279.4318078659226,21.1,23.9,22.531002210113343,0.0,3931.45518182083,21.1,23.9,21.882835978077843,0.0,1773.6329779099037,21.1,23.9,22.515359423700364,0.0,4523.044494919828,21.1,23.9,899.7686301966307,899.2094676915879,860.1680788947939,894.844943902565,895.4040150926577,970.6497999543271,0.0,0.0,0.0,0.0,0.0,0.0,1.0,0.1,0.7681920030071676,0.1,1.0,0.1,0.45240025598018957,0.1,1.0,0.1,0.09880204143398269,0.06483669047437227,0.0918237951183907,0.04530938000000001,0.10576798695218566,1419.1656334431632,0.21141160176376064,0.3814561112161762,4857.694995388225,1.0,0.0,0.0,0.4065434452837394,0.40992901966441664,14.998868724871429,0.46734446269598684,0.46288174886584826,14.998868724871429,0.3066846376142746,0.30375579790005597,14.998868724871429,0.43433659436059757,0.4301890756002239,14.998868724871429,0.21431832322348338,0.21227177849802736,14.998868724871429,0.5002941469142967,0.4955167936197008,,,,,,,,,,,,,,,16249068.695107536 
 06/01  10:15:00,,20.275,,,,,,11.0,5.0,11.0,5.0,20.0,23.512454632367632,21.627287734860328,23.89892195248868,22.22920709489009,21.67720820731132,22.421648258518935,,,,0.0,0.0,,,,21.1,23.9,,,,21.1,23.9,,,,21.1,23.9,,,,21.1,23.9,,,,21.1,23.9,908.7263155948028,902.9153396565055,874.3747730493313,909.4894578391588,902.1616533001203,973.3956897339077,,,,,,,,,,,,,,,,,,,,,,,,,,,,,,,,,,,,,,,,,,,,,,,,,,,,,,,,,,,,16438661.363828033 
 06/01  10:30:00,,20.55,,,,,,11.0,5.0,11.0,5.0,20.0,23.59141140396003,21.64732066846133,23.898683160337576,22.201653114388368,21.67453570100566,22.44062329196361,,,,0.0,0.0,,,,21.1,23.9,,,,21.1,23.9,,,,21.1,23.9,,,,21.1,23.9,,,,21.1,23.9,917.4135811212581,909.3065836058466,884.3365361053543,917.0657966439342,908.6460189344165,978.9811000948434,,,,,,,,,,,,,,,,,,,,,,,,,,,,,,,,,,,,,,,,,,,,,,,,,,,,,,,,,,,,16309537.65708159 
 06/01  10:45:00,,20.825000000000003,,,,,,11.0,5.0,11.0,5.0,20.0,23.67131595004916,21.679073787073715,23.89858721501123,22.191641950478054,21.688425138560106,22.45408282255941,,,,0.0,0.0,,,,21.1,23.9,,,,21.1,23.9,,,,21.1,23.9,,,,21.1,23.9,,,,21.1,23.9,925.033907007289,915.7309865797918,894.3575454611909,922.7045769327614,914.787768484894,985.2228186041,,,,,,,,,,,,,,,,,,,,,,,,,,,,,,,,,,,,,,,,,,,,,,,,,,,,,,,,,,,,16155270.995216468 
 06/01  11:00:00,20.6875,21.1,11.0,5.0,11.0,5.0,20.0,11.0,5.0,11.0,5.0,20.0,23.753429533186466,21.718109085403682,23.898524125635014,22.19594227425232,21.714098332667646,22.466817356872472,23.63215287989082,0.0,1492.714474194183,0.0,0.0,21.667947818949763,0.0,3747.254412556805,21.1,23.9,23.898679113368125,0.0,2853.1735624061407,21.1,23.9,22.204611108502206,0.0,3763.033921148858,21.1,23.9,21.688566844886182,0.0,1723.7489474186527,21.1,23.9,22.445792932478607,0.0,4481.315036332997,21.1,23.9,932.0313908497463,921.480783816851,905.3311204993095,928.3281484704928,920.5415363768487,991.1540687664145,0.0,0.0,0.0,0.0,0.0,0.0,1.0,0.1,0.667998669983922,0.1,1.0,0.1,0.45240025598018957,0.1,1.0,0.1,0.09880204143398268,0.05638020551306856,0.0918237951183907,0.04530938,0.10576798695218566,1363.8354062727292,0.21141160176376064,0.35625864069742047,4657.519444598815,1.0,0.0,0.0,0.3980834090176276,0.40203014883911337,14.996395822360912,0.4673444626959869,0.4627841006181822,14.996395822360912,0.2666845387987266,0.2640851171929061,14.996395822360912,0.43433659436059757,0.4300983241080764,14.996395822360912,0.21431832322348338,0.21222699823341318,14.996395822360912,0.5002941469142967,0.49541226077366696,,,,,,,,,,,,,,,15973407.447011473 
 06/01  11:15:00,,21.375,,,,,,8.8,4.0,8.8,4.0,16.0,23.846323616801527,21.804437742558214,23.89871204759444,22.15331606944708,21.85660895210931,22.378224340919296,,,,0.0,0.0,,,,21.1,23.9,,,,21.1,23.9,,,,21.1,23.9,,,,21.1,23.9,,,,21.1,23.9,939.3374746932479,920.0641727620214,908.4343275776091,924.3253837902257,920.8071894283243,984.2988332316515,,,,,,,,,,,,,,,,,,,,,,,,,,,,,,,,,,,,,,,,,,,,,,,,,,,,,,,,,,,,15286868.329520823 
 06/01  11:30:00,,21.65,,,,,,8.8,4.0,8.8,4.0,16.0,23.924299784162898,21.87322214806691,23.89891857431764,22.138748356445905,21.95808165624563,22.314538539535263,,,,0.0,0.0,,,,21.1,23.9,,,,21.1,23.9,,,,21.1,23.9,,,,21.1,23.9,,,,21.1,23.9,939.249193571916,916.0331342201936,909.7997025041341,918.0369470819572,918.1938404828757,974.0126077366644,,,,,,,,,,,,,,,,,,,,,,,,,,,,,,,,,,,,,,,,,,,,,,,,,,,,,,,,,,,,15198688.386926033 
 06/01  11:45:00,,21.924999999999997,,,,,,8.8,4.0,8.8,4.0,16.0,23.992504565990426,21.9104666498784,23.808133278189302,22.12790902970453,21.994463558283666,22.29382363684075,,,,0.0,0.0,,,,21.1,23.9,,,,21.1,23.9,,,,21.1,23.9,,,,21.1,23.9,,,,21.1,23.9,933.9446387469778,911.7015970760207,910.7692568788757,912.8663482668969,914.3532569553969,965.983358287899,,,,,,,,,,,,,,,,,,,,,,,,,,,,,,,,,,,,,,,,,,,,,,,,,,,,,,,,,,,,15146452.47704298 
 06/01  12:00:00,21.787499999999998,22.2,8.8,4.0,8.8,4.0,16.0,8.8,4.0,8.8,4.0,16.0,24.050747304534067,21.92860006424167,23.5745995765816,22.114545584022448,22.010796306690406,22.29096757653853,23.95346881787223,0.0,2063.347375264684,0.0,0.0,21.8791816511863,0.0,3596.5090739862108,21.1,23.9,23.795090869170746,0.0,2128.7850889555007,21.1,23.9,22.13362975990499,0.0,3674.325104833513,21.1,23.9,21.954987618332254,0.0,1605.7947724349715,21.1,23.9,22.31938852345846,0.0,4405.3287576037765,21.1,23.9,928.4183153986579,907.7188412118948,909.4562357522599,908.8899032006335,910.345177963401,960.7551473922242,0.0,0.0,0.0,0.0,0.0,0.0,0.930236649628457,0.1,0.5039426501744761,0.1,0.9861043086190723,0.1,0.4052725043264151,0.1,1.0,0.1,0.09190928000000002,0.04253360292516935,0.09054784000000002,0.04058938,0.10576798695218566,1195.1860287432746,0.21141160176376064,0.277394989600917,4061.273247176742,1.0,0.0,0.0,0.37134808987735507,0.3753574037731147,14.991835517142675,0.4347409472007262,0.43032325590568843,14.991835517142675,0.20118859405217512,0.19914457273392028,14.991835517142675,0.42830118708991954,0.4239489344713322,14.991835517142675,0.1919922069620196,0.19004124672495773,14.991835517142675,0.5002941469142967,0.49521032605037146,,,,,,,,,,,,,,,15141244.199822223 
 06/01  12:15:00,,22.474999999999998,,,,,,4.4,2.0,4.4,2.0,8.0,24.163070384075816,22.163278283810463,23.63091837206067,22.338647020018975,22.25821983805681,22.059186814068134,,,,0.0,0.0,,,,21.1,23.9,,,,21.1,23.9,,,,21.1,23.9,,,,21.1,23.9,,,,21.1,23.9,926.379465112482,892.3727524974896,894.4546731034757,893.7530090121298,894.638324126001,932.7669129735152,,,,,,,,,,,,,,,,,,,,,,,,,,,,,,,,,,,,,,,,,,,,,,,,,,,,,,,,,,,,13083444.580860443 
 06/01  12:30:00,,22.75,,,,,,4.4,2.0,4.4,2.0,8.0,24.260621410594595,22.318511330345704,23.584813817396615,22.48211974091391,22.418059740677503,21.887247297400638,,,,0.0,0.0,,,,21.1,23.9,,,,21.1,23.9,,,,21.1,23.9,,,,21.1,23.9,,,,21.1,23.9,912.2813844473928,872.6700876558514,874.4231118287685,874.1284648984704,874.6786474331863,899.6474495940148,,,,,,,,,,,,,,,,,,,,,,,,,,,,,,,,,,,,,,,,,,,,,,,,,,,,,,,,,,,,13105267.058107533 
 06/01  12:45:00,,23.025000000000002,,,,,,4.4,2.0,4.4,2.0,8.0,24.334101346615537,22.387643160683044,23.46187382032361,22.536867971588485,22.507173406085,21.811290957842083,,,,0.0,0.0,,,,21.1,23.9,,,,21.1,23.9,,,,21.1,23.9,,,,21.1,23.9,,,,21.1,23.9,888.4820365354911,852.7583838517031,854.3416721381079,854.1877146570804,854.6929320041231,872.0797233645692,,,,,,,,,,,,,,,,,,,,,,,,,,,,,,,,,,,,,,,,,,,,,,,,,,,,,,,,,,,,13160528.42263087 
 06/01  13:00:00,22.8875,23.3,4.4,2.0,4.4,2.0,8.0,4.4,2.0,4.4,2.0,8.0,24.388311130130198,22.438897110661223,23.359986421399068,22.57648961237194,22.632395298001153,21.77856974086424,24.286526067854034,0.0,2250.0157611873874,0.0,0.0,22.327082471375107,0.0,2968.9028238894994,21.1,23.9,23.509398107794993,0.0,1509.2414044438406,21.1,23.9,22.48353108622333,0.0,2974.137773764968,21.1,23.9,22.453962070705117,0.0,1322.4067950929011,21.1,23.9,21.884073702543773,0.0,4148.774698228861,21.1,23.9,864.4650302434452,834.1048159518834,835.7416569975614,835.4851844479823,836.0504879431631,850.8817818530732,0.0,0.0,0.0,0.0,0.0,0.0,0.720038563651896,0.1,0.3690611664407764,0.1,0.7599319970387973,0.1,0.31101700101886626,0.1,1.0,0.1,0.07114127999999999,0.031149379999999994,0.06977984000000001,0.03114938,0.10576798695218566,841.6068162031399,0.21141160176376064,0.16028402359670885,3258.3616843357436,1.0,0.0,0.0,0.30898786695218566,0.3133737407667124,14.978929018159176,0.3365060356502855,0.33298680265626834,14.978929018159176,0.14733997443909203,0.14579906983575658,14.978929018159176,0.3300662755394789,0.3266143905685417,14.978929018159176,0.14733997443909205,0.14579906983575658,14.978929018159176,0.5002941469142967,0.49506199211763147,,,,,,,,,,,,,,,13210646.54034113 
 06/01  13:15:00,,23.3,,,,,,8.8,4.0,8.8,4.0,16.0,24.339964588259924,22.202287997441175,22.942483079961583,22.3188443354191,22.52041473714327,21.972038335602686,,,,0.0,0.0,,,,21.1,23.9,,,,21.1,23.9,,,,21.1,23.9,,,,21.1,23.9,,,,21.1,23.9,847.6279030797382,838.2271983655664,840.231123540259,839.5798035784683,840.4535966904493,868.4887597832487,,,,,,,,,,,,,,,,,,,,,,,,,,,,,,,,,,,,,,,,,,,,,,,,,,,,,,,,,,,,15077575.049973074 
 06/01  13:30:00,,23.3,,,,,,8.8,4.0,8.8,4.0,16.0,24.287081028013535,22.09900178715328,22.706339367215932,22.195883843542905,22.62887446638253,22.128364008139265,,,,0.0,0.0,,,,21.1,23.9,,,,21.1,23.9,,,,21.1,23.9,,,,21.1,23.9,,,,21.1,23.9,847.0951262143457,843.862641635599,846.1788810563037,845.1949010823533,846.282591297989,887.7290693778522,,,,,,,,,,,,,,,,,,,,,,,,,,,,,,,,,,,,,,,,,,,,,,,,,,,,,,,,,,,,15057615.602164783 
 06/01  13:45:00,,23.3,,,,,,8.8,4.0,8.8,4.0,16.0,24.29046976438165,22.115687559623165,22.617853890412164,22.18496058826875,22.918413742842368,22.188848235914744,,,,0.0,0.0,,,,21.1,23.9,,,,21.1,23.9,,,,21.1,23.9,,,,21.1,23.9,,,,21.1,23.9,855.4495892683735,848.2578735503552,850.7290942285383,849.5689243473064,850.7083618002353,898.5519834930979,,,,,,,,,,,,,,,,,,,,,,,,,,,,,,,,,,,,,,,,,,,,,,,,,,,,,,,,,,,,15043967.850394396 
 06/01  14:00:00,23.3,23.3,8.8,4.0,8.8,4.0,16.0,8.8,4.0,8.8,4.0,16.0,24.33003045416172,22.1462775251297,22.543409793136764,22.17571067771734,23.284840109691,22.21425669106013,24.31188645870421,0.0,2880.456167071052,0.0,0.0,22.140813717336833,0.0,3726.2528592127173,21.1,23.9,22.702521532681608,0.0,1775.149842471251,21.1,23.9,22.218849861237025,0.0,3711.2256296444407,21.1,23.9,22.838135764014794,0.0,1806.3503572241643,21.1,23.9,22.125876817679206,0.0,4279.938481441733,21.1,23.9,861.9773708974303,850.9375195683742,853.440680196803,852.2282441236543,853.3415107016759,899.1394862997994,0.0,0.0,0.0,0.0,0.0,0.0,0.930236649628457,0.1,0.48090729022240314,0.1,0.9861043086190723,0.1,0.4052725043264151,0.1,1.0,0.1,0.09190928000000002,0.040589379999999994,0.09054784000000002,0.04058938,0.10576798695218566,1183.2792618264925,0.21141160176376064,0.3107508867629598,4296.434297246371,1.0,0.0,0.0,0.3694038669521857,0.3752891415730147,15.000001225566113,0.4347409472007262,0.43012050765626925,15.000001225566113,0.19199220696201957,0.1899517081523565,15.000001225566113,0.42830118708991954,0.423749189504897,15.000001225566113,0.1919922069620196,0.1899517081523565,15.000001225566113,0.5002941469142967,0.4949770060396049,,,,,,,,,,,,,,,15047810.310130054 
 06/01  14:15:00,,23.450000000000003,,,,,,11.0,5.0,11.0,5.0,20.0,24.377114109875073,22.101643918815,22.322014655658684,22.197483754629214,23.532337788173358,22.30098091419303,,,,0.0,0.0,,,,21.1,23.9,,,,21.1,23.9,,,,21.1,23.9,,,,21.1,23.9,,,,21.1,23.9,866.1031296780294,861.712136592423,862.7378076091234,865.7530079583837,862.4774289691252,914.2638899100211,,,,,,,,,,,,,,,,,,,,,,,,,,,,,,,,,,,,,,,,,,,,,,,,,,,,,,,,,,,,15658884.252292857 
 06/01  14:30:00,,23.6,,,,,,11.0,5.0,11.0,5.0,20.0,24.408536055054874,22.092107318824564,22.173444324893243,22.201507012534282,23.79822303837522,22.372870630461176,,,,0.0,0.0,,,,21.1,23.9,,,,21.1,23.9,,,,21.1,23.9,,,,21.1,23.9,,,,21.1,23.9,874.9082662346815,874.0577522418354,873.799401109313,880.6094010420622,871.2453353288513,934.0817713173036,,,,,,,,,,,,,,,,,,,,,,,,,,,,,,,,,,,,,,,,,,,,,,,,,,,,,,,,,,,,15746865.98047299 
 06/01  14:45:00,,23.749999999999996,,,,,,11.0,5.0,11.0,5.0,20.0,24.444454906891007,22.120744584661562,22.10057805341324,22.19684366721994,23.86869210598146,22.417807079535415,,,,0.0,0.0,,,,21.1,23.9,,,,21.1,23.9,,,,21.1,23.9,,,,21.1,23.9,,,,21.1,23.9,888.5800679920186,885.5411906675515,884.8524571474495,893.0861644370216,874.7330461516161,950.9873066718845,,,,,,,,,,,,,,,,,,,,,,,,,,,,,,,,,,,,,,,,,,,,,,,,,,,,,,,,,,,,15904444.044299345 
 06/01  15:00:00,23.674999999999997,23.9,11.0,5.0,11.0,5.0,20.0,11.0,5.0,11.0,5.0,20.0,24.47900702818713,22.155920656415223,22.04626943683612,22.188576291052865,23.889267981585427,22.44812945111752,24.42727802500202,0.0,2997.643717414481,0.0,0.0,22.117604119679086,0.0,3986.741848326028,21.1,23.9,22.160576617700322,0.0,1839.3686349377822,21.1,23.9,22.196102681359076,0.0,3746.2111403969466,21.1,23.9,23.772130228528866,0.0,2535.6821365206642,21.1,23.9,22.384947018826786,0.0,4429.8778709955295,21.1,23.9,901.2912487903592,895.4865277027625,894.8300412395199,903.1018842176704,876.2909755406987,963.4023135037029,0.0,0.0,0.0,0.0,0.0,0.0,1.0,0.1,0.5368303521132165,0.1,1.0,0.1,0.5082570639913492,0.1,1.0,0.1,0.09880204143398268,0.045309379999999996,0.0918237951183907,0.05090362382791574,0.10576798695218566,1328.5616880146124,0.21141160176376064,0.3736717126755955,4767.4536132280855,1.0,0.0,0.0,0.39260682733247476,0.39933823076394337,15.010966739250541,0.4673444626959869,0.4624006386215841,15.010966739250541,0.21431832322348335,0.21205114735961278,15.010966739250541,0.43433659436059757,0.4297419454816808,15.010966739250541,0.24077970841353058,0.23823232345017703,15.010966739250541,0.5002941469142967,0.4950017631476645,,,,,,,,,,,,,,,16035460.807408523 
 06/01  15:15:00,,24.174999999999997,,,,,,11.0,5.0,11.0,5.0,20.0,24.506354727268203,22.150080745771838,21.957248934660033,22.138315790920306,23.8956327232866,22.419503698788724,,,,0.0,0.0,,,,21.1,23.9,,,,21.1,23.9,,,,21.1,23.9,,,,21.1,23.9,,,,21.1,23.9,910.862141172618,903.6334854419018,903.0462069432947,911.1662767085012,878.134970056019,972.4407033076437,,,,,,,,,,,,,,,,,,,,,,,,,,,,,,,,,,,,,,,,,,,,,,,,,,,,,,,,,,,,15720282.57367133 
 06/01  15:30:00,,24.45,,,,,,11.0,5.0,11.0,5.0,20.0,24.510856678141486,22.155906437312968,21.886468934300524,22.100309575241596,23.897661942679033,22.39958967364271,,,,0.0,0.0,,,,21.1,23.9,,,,21.1,23.9,,,,21.1,23.9,,,,21.1,23.9,,,,21.1,23.9,918.0485125444052,910.0474272588087,909.451656750727,917.6138211266262,879.7251266904678,979.3700322171653,,,,,,,,,,,,,,,,,,,,,,,,,,,,,,,,,,,,,,,,,,,,,,,,,,,,,,,,,,,,15857846.708540801 
 06/01  15:45:00,,24.725,,,,,,11.0,5.0,11.0,5.0,20.0,24.507270896781613,22.169654602286585,21.82907743673698,22.070590902058335,23.898328167758752,22.398746363014748,,,,0.0,0.0,,,,21.1,23.9,,,,21.1,23.9,,,,21.1,23.9,,,,21.1,23.9,,,,21.1,23.9,923.6530868462261,915.0066003889037,914.3712188636952,922.676979342314,880.771967611998,984.8794487580248,,,,,,,,,,,,,,,,,,,,,,,,,,,,,,,,,,,,,,,,,,,,,,,,,,,,,,,,,,,,15975079.673042633 
 06/01  16:00:00,24.5875,25.0,11.0,5.0,11.0,5.0,20.0,11.0,5.0,11.0,5.0,20.0,24.503636298905764,22.17501049696218,21.773033382396903,22.037203746285936,23.89854250023883,22.4036049178355,24.507029650274266,0.0,3211.235522337647,0.0,0.0,22.162663070583392,0.0,4015.0022711961483,21.1,23.9,21.86145717202361,0.0,1763.7205762343406,21.1,23.9,22.086605003626545,0.0,3691.945674169333,21.1,23.9,23.897541333490803,0.0,3373.120725658341,21.1,23.9,22.40536116332042,0.0,4445.738433645865,21.1,23.9,927.9906082191995,918.8168740193998,918.1540382616885,926.5813707229528,881.4127187811475,989.2493878605108,0.0,0.0,0.0,0.0,0.0,0.0,1.0,0.1,0.5368303521132165,0.1,1.0,0.1,0.6671363190507626,0.1,1.0,0.1,0.09880204143398268,0.045309379999999996,0.0918237951183907,0.06681590603033588,0.10576798695218566,1432.341000496774,0.21141160176376064,0.43464426024909386,5243.4352072585425,1.0,0.0,0.0,0.4085191095348949,0.4165922882605083,15.005692479214154,0.4673444626959869,0.462363950413879,15.005692479214154,0.21431832322348335,0.21203432260659855,15.005692479214154,0.43433659436059757,0.429707848509405,15.005692479214154,0.31604654367549095,0.31267766256952373,15.005692479214154,0.5002941469142967,0.49496248827219097,,,,,,,,,,,,,,,16079585.392664377 
 06/01  16:15:00,,24.725,,,,,,11.0,5.0,11.0,5.0,20.0,24.494481729862155,22.07146894396631,21.631285565325122,21.90427217488724,23.898576657275424,22.299499553567653,,,,0.0,0.0,,,,21.1,23.9,,,,21.1,23.9,,,,21.1,23.9,,,,21.1,23.9,,,,21.1,23.9,931.4314163701671,921.826180864341,921.1532518552951,929.6493973230098,882.8167585054441,992.7197830016368,,,,,,,,,,,,,,,,,,,,,,,,,,,,,,,,,,,,,,,,,,,,,,,,,,,,,,,,,,,,15169912.180191673 
 06/01  16:30:00,,24.45,,,,,,11.0,5.0,11.0,5.0,20.0,24.442616858941843,21.972945628931168,21.512050203950633,21.788501480929234,23.898549312808402,22.216913254162524,,,,0.0,0.0,,,,21.1,23.9,,,,21.1,23.9,,,,21.1,23.9,,,,21.1,23.9,,,,21.1,23.9,934.1806864932391,924.248864030039,923.5705075449217,932.1074165962604,883.9472085303271,995.4824739952802,,,,,,,,,,,,,,,,,,,,,,,,,,,,,,,,,,,,,,,,,,,,,,,,,,,,,,,,,,,,15177487.353665587 
 06/01  16:45:00,,24.174999999999997,,,,,,11.0,5.0,11.0,5.0,20.0,24.376751375906252,21.88883800198736,21.42043061364705,21.701780976703546,23.898510883675264,22.176916560737713,,,,0.0,0.0,,,,21.1,23.9,,,,21.1,23.9,,,,21.1,23.9,,,,21.1,23.9,,,,21.1,23.9,936.3954650966278,926.212837124527,925.5261677243251,934.0961267064633,884.7137437345593,997.6904344210033,,,,,,,,,,,,,,,,,,,,,,,,,,,,,,,,,,,,,,,,,,,,,,,,,,,,,,,,,,,,15154195.94436884 
 06/01  17:00:00,24.3125,23.9,11.0,5.0,11.0,5.0,20.0,11.0,5.0,11.0,5.0,20.0,24.31448570366539,21.79153072939429,21.32446914209656,21.610508862784712,23.898463796821797,22.15257629381691,24.407083917093907,0.0,3385.5389679274376,0.0,0.0,21.931195826069782,0.0,3886.084734513005,21.1,23.9,21.472058881254842,0.0,1663.9657169842972,21.1,23.9,21.751265873826185,0.0,3517.9620998569885,21.1,23.9,23.89852516264522,0.0,3758.3829681864377,21.1,23.9,22.211476415571198,0.0,4330.31055577131,21.1,23.9,938.1593287046169,927.7960212624089,927.0978128416533,935.6989269180724,885.3069548690848,999.4544447443928,0.0,0.0,0.0,0.0,0.0,0.0,1.0,0.1,0.5368303521132165,0.1,1.0,0.1,0.743223155484404,0.1,1.0,0.1,0.09880204143398268,0.045309379999999996,0.0918237951183907,0.07443625402837208,0.10576798695218566,1483.2204153696557,0.21141160176376064,0.45061717634559095,5356.0399126472885,1.0,0.0,0.0,0.41613945753293113,0.4236167781499323,15.002547239034932,0.4673444626959869,0.4622275380356641,15.002547239034932,0.21431832322348335,0.21197176559672776,15.002547239034932,0.43433659436059757,0.42958107074158747,15.002547239034932,0.3520916232002725,0.34823587398348277,15.002547239034932,0.5002941469142967,0.4948164582668414,,,,,,,,,,,,,,,15119741.7026349 
 06/01  17:15:00,,23.624999999999996,,,,,,11.0,5.0,11.0,5.0,20.0,25.42316241402701,24.36189469716043,23.719352147044084,23.969059716200096,29.92906816245187,24.04615621514883,,,,0.0,0.0,,,,21.099999999999998,23.900000000000002,,,,21.099999999999998,23.900000000000002,,,,21.099999999999998,23.900000000000002,,,,21.099999999999998,23.900000000000002,,,,21.099999999999998,23.900000000000002,938.1011865418535,1020.3362444496652,1024.511705358833,1028.238503501508,982.7530994649536,1089.3646318390468,,,,,,,,,,,,,,,,,,,,,,,,,,,,,,,,,,,,,,,,,,,,,,,,,,,,,,,,,,,,9000000.0 
 06/01  17:30:00,,23.35,,,,,,11.0,5.0,11.0,5.0,20.0,26.370769708905705,26.542799871246924,25.76064186279814,26.152531384322078,34.02936974138306,26.191652032795293,,,,0.0,0.0,,,,21.099999999999998,23.900000000000002,,,,21.099999999999998,23.900000000000002,,,,21.099999999999998,23.900000000000002,,,,21.099999999999998,23.900000000000002,,,,21.099999999999998,23.900000000000002,938.1005332430024,1205.7263941212325,1219.6592749798574,1213.6286459076853,1177.9010314778293,1269.5007277860068,,,,,,,,,,,,,,,,,,,,,,,,,,,,,,,,,,,,,,,,,,,,,,,,,,,,,,,,,,,,9000000.0 
 06/01  17:45:00,,23.075000000000003,,,,,,11.0,5.0,11.0,5.0,20.0,26.977669884706618,27.539291256171925,26.686954427590774,27.15071306733563,35.6383811296401,27.342120271840987,,,,0.0,0.0,,,,21.100000000000033,23.90000000000003,,,,21.100000000000033,23.90000000000003,,,,21.100000000000033,23.90000000000003,,,,21.100000000000033,23.90000000000003,,,,21.100000000000033,23.90000000000003,938.1005787858277,1285.1454056617235,1303.258235694524,1293.0476579546628,1261.499966929405,1346.6690046732997,,,,,,,,,,,,,,,,,,,,,,,,,,,,,,,,,,,,,,,,,,,,,,,,,,,,,,,,,,,,9000000.0 
 06/01  18:00:00,23.2125,22.8,11.0,5.0,11.0,5.0,20.0,11.0,5.0,11.0,5.0,20.0,27.381750434458873,28.245716670457902,27.338403032902896,27.841573959115394,36.6359613279029,28.22782067188552,26.538338110524563,0.0,0.0,0.0,0.0,26.67242562375931,237.60000000000014,0.0,21.1,23.9,25.876337867583985,102.60000000000007,0.0,21.1,23.9,26.278469531743312,237.60000000000014,0.0,21.1,23.9,34.05819509034449,102.60000000000007,0.0,21.1,23.9,26.45193729791767,444.60000000000025,0.0,21.1,23.9,938.1005733301589,1367.327536601029,1389.7657460145094,1375.2297888332953,1348.007480275707,1426.522087432085,0.0,0.0,0.0,0.0,0.0,0.0,0.0,0.0,0.0,0.0,0.0,0.0,0.0,0.0,0.0,0.0,0.0,0.0,0.0,0.0,0.0,0.0,0.0,0.0,0.0,0.0,0.0,0.0,0.0,0.0,26.43896179383166,0.0,0.0,26.43896179383166,0.0,0.0,26.43896179383166,0.0,0.0,26.43896179383166,0.0,0.0,26.43896179383166,0.0,0.0,,,,,,,,,,,,,,,9000000.0 
 06/01  18:15:00,,22.25,,,,,,5.5,2.5,5.5,2.5,10.0,27.63280607398675,28.393430916463096,27.48169081792757,27.98876107281339,37.01185355326218,28.486564661495706,,,,0.0,0.0,,,,12.8,40.0,,,,12.8,40.0,,,,12.8,40.0,,,,12.8,40.0,,,,12.8,40.0,938.1005685601419,1393.4003443068405,1417.2108082115494,1401.3025964860592,1375.4525451187253,1451.8559892880153,,,,,,,,,,,,,,,,,,,,,,,,,,,,,,,,,,,,,,,,,,,,,,,,,,,,,,,,,,,,5400000.0 
 06/01  18:30:00,,21.700000000000003,,,,,,5.5,2.5,5.5,2.5,10.0,27.82826308582446,28.342791453114025,27.474760641371965,27.950000400544567,36.95282800041457,28.500675875799384,,,,0.0,0.0,,,,12.8,40.0,,,,12.8,40.0,,,,12.8,40.0,,,,12.8,40.0,,,,12.8,40.0,938.100566516616,1445.5923153721624,1472.1497276295245,1453.494567528655,1430.3914656702652,1502.568835890235,,,,,,,,,,,,,,,,,,,,,,,,,,,,,,,,,,,,,,,,,,,,,,,,,,,,,,,,,,,,5400000.0 
 06/01  18:45:00,,21.150000000000002,,,,,,5.5,2.5,5.5,2.5,10.0,27.971348747746788,28.33978349808603,27.528611872670425,27.969208022605407,36.652732488986786,28.57947900143113,,,,0.0,0.0,,,,12.8,40.0,,,,12.8,40.0,,,,12.8,40.0,,,,12.8,40.0,,,,12.8,40.0,938.1005673457817,1481.8376015381484,1510.3026620559954,1489.739853703862,1468.5443996367896,1537.7869281539533,,,,,,,,,,,,,,,,,,,,,,,,,,,,,,,,,,,,,,,,,,,,,,,,,,,,,,,,,,,,5400000.0 
 06/01  19:00:00,21.425000000000004,20.6,5.5,2.5,5.5,2.5,10.0,5.5,2.5,5.5,2.5,10.0,28.090425415038517,28.328056414584847,27.58562992624058,27.99025944001849,36.06728077131668,28.70735276523379,27.88071083064913,0.0,0.0,0.0,0.0,28.351015570562,221.76000000000002,0.0,12.8,40.0,27.51767331455264,95.75999999999999,0.0,12.8,40.0,27.974557233995462,221.76000000000002,0.0,12.8,40.0,36.67117370349505,95.75999999999999,0.0,12.8,40.0,28.568518075990006,414.96000000000004,0.0,12.8,40.0,938.1005674575322,1575.3066296211077,1608.6911169567072,1583.208881788064,1566.9328544755128,1628.607037294562,0.0,0.0,0.0,0.0,0.0,0.0,0.0,0.0,0.0,0.0,0.0,0.0,0.0,0.0,0.0,0.0,0.0,0.0,0.0,0.0,0.0,0.0,0.0,0.0,0.0,0.0,0.0,0.0,0.0,0.0,27.766992364741473,0.0,0.0,27.766992364741473,0.0,0.0,27.766992364741473,0.0,0.0,27.766992364741473,0.0,0.0,27.766992364741473,0.0,0.0,,,,,,,,,,,,,,,5400000.0 
 06/01  19:15:00,,19.75,,,,,,1.1,0.5,1.1,0.5,2.0,28.140467356563256,28.007841902256395,27.33133332908368,27.690284839696588,34.70220582770233,28.505751978170178,,,,0.0,0.0,,,,12.800000000000002,40.0,,,,12.800000000000002,40.0,,,,12.800000000000002,40.0,,,,12.800000000000002,40.0,,,,12.800000000000002,40.0,938.1005674467457,1575.4860173587851,1608.879946163082,1583.3882695256214,1567.1216836878716,1628.7813411695129,,,,,,,,,,,,,,,,,,,,,,,,,,,,,,,,,,,,,,,,,,,,,,,,,,,,,,,,,,,,2700000.0 
 06/01  19:30:00,,18.9,,,,,,1.1,0.5,1.1,0.5,2.0,28.138385342478994,27.574784923826417,26.99374266464299,27.282086999787783,33.28445514117794,28.16704685914141,,,,0.0,0.0,,,,12.800000000000002,40.0,,,,12.800000000000002,40.0,,,,12.800000000000002,40.0,,,,12.800000000000002,40.0,,,,12.800000000000002,40.0,938.1005674463422,1593.7474374893304,1628.1024945076974,1601.6496896561625,1586.3442320327101,1646.5252313443473,,,,,,,,,,,,,,,,,,,,,,,,,,,,,,,,,,,,,,,,,,,,,,,,,,,,,,,,,,,,2700000.0 
 06/01  19:45:00,,18.049999999999997,,,,,,1.1,0.5,1.1,0.5,2.0,28.09111684864348,27.236048577239224,26.746879060616155,26.972187969106262,32.22074041846459,27.926753715009774,,,,0.0,0.0,,,,12.8,40.0,,,,12.8,40.0,,,,12.8,40.0,,,,12.8,40.0,,,,12.8,40.0,938.1005674463909,1600.7294545348423,1635.451986455237,1608.6317067016748,1593.6937239802232,1653.3093775262557,,,,,,,,,,,,,,,,,,,,,,,,,,,,,,,,,,,,,,,,,,,,,,,,,,,,,,,,,,,,2700000.0 
 06/01  20:00:00,18.474999999999998,17.2,1.1,0.5,1.1,0.5,2.0,1.1,0.5,1.1,0.5,2.0,28.009510024749364,26.902211320012235,26.490631541497628,26.671200604515157,31.239223302061504,27.701057536704937,28.094869893108772,0.0,0.0,0.0,0.0,27.43022168083357,95.04000000000002,0.0,12.8,40.0,26.890646648960114,41.040000000000006,0.0,12.8,40.0,27.153940103276447,95.04000000000002,0.0,12.8,40.0,32.86165617235159,41.040000000000006,0.0,12.8,40.0,28.075152522256577,177.84000000000003,0.0,12.8,40.0,938.1005674463934,1619.2630728120282,1654.961059177218,1627.1653249788606,1613.2027967022027,1671.3177517327954,0.0,0.0,0.0,0.0,0.0,0.0,0.0,0.0,0.0,0.0,0.0,0.0,0.0,0.0,0.0,0.0,0.0,0.0,0.0,0.0,0.0,0.0,0.0,0.0,0.0,0.0,0.0,0.0,0.0,0.0,28.101714192104836,0.0,0.0,28.101714192104836,0.0,0.0,28.101714192104836,0.0,0.0,28.101714192104836,0.0,0.0,28.101714192104836,0.0,0.0,,,,,,,,,,,,,,,2700000.0 
 06/01  20:15:00,,16.375,,,,,,1.1,0.5,1.1,0.5,2.0,27.88561414069477,26.425183992563255,26.075966628768196,26.19272993355349,30.23030419576715,27.313967606496917,,,,0.0,0.0,,,,12.8,40.0,,,,12.8,40.0,,,,12.8,40.0,,,,12.8,40.0,,,,12.8,40.0,938.1005674463936,1637.7952857580967,1674.4686526032192,1645.6975379249288,1632.710390128205,1689.324760435401,,,,,,,,,,,,,,,,,,,,,,,,,,,,,,,,,,,,,,,,,,,,,,,,,,,,,,,,,,,,1440000.0 
 06/01  20:30:00,,15.55,,,,,,1.1,0.5,1.1,0.5,2.0,27.69480489350034,25.946643779824388,25.672284132401177,25.71248431253511,29.332338533077134,26.93091202537598,,,,0.0,0.0,,,,12.8,40.0,,,,12.8,40.0,,,,12.8,40.0,,,,12.8,40.0,,,,12.8,40.0,938.1005674463933,1656.3274936619832,1693.9762407216629,1664.2297458288149,1652.2179782466471,1707.3317642387199,,,,,,,,,,,,,,,,,,,,,,,,,,,,,,,,,,,,,,,,,,,,,,,,,,,,,,,,,,,,1440000.0 
 06/01  20:45:00,,14.725000000000001,,,,,,1.1,0.5,1.1,0.5,2.0,27.487189595249887,25.547333258788687,25.366189257058572,25.357303397037768,28.574079475428036,26.65273811342564,,,,0.0,0.0,,,,12.8,40.0,,,,12.8,40.0,,,,12.8,40.0,,,,12.8,40.0,,,,12.8,40.0,938.1005674463934,1662.5048971597762,1700.4787710030716,1670.4071493266074,1658.7205085280557,1713.3340996785294,,,,,,,,,,,,,,,,,,,,,,,,,,,,,,,,,,,,,,,,,,,,,,,,,,,,,,,,,,,,1440000.0 
 06/01  21:00:00,15.137500000000001,13.9,1.1,0.5,1.1,0.5,2.0,1.1,0.5,1.1,0.5,2.0,27.240300081009458,25.119193755168823,25.039925827284666,24.97514543819706,27.83969799424988,26.373060127984324,27.576977177613614,0.0,0.0,0.0,0.0,25.759588696586288,63.36,0.0,12.8,40.0,25.538591461378154,27.360000000000003,0.0,12.8,40.0,25.559415770330858,63.36,0.0,12.8,40.0,28.994105049630548,27.360000000000003,0.0,12.8,40.0,26.817669468320716,118.56000000000002,0.0,12.8,40.0,938.1005674463938,1681.0371068233464,1719.986360973814,1688.9393589901777,1678.2280984987979,1731.3411051916637,0.0,0.0,0.0,0.0,0.0,0.0,0.0,0.0,0.0,0.0,0.0,0.0,0.0,0.0,0.0,0.0,0.0,0.0,0.0,0.0,0.0,0.0,0.0,0.0,0.0,0.0,0.0,0.0,0.0,0.0,27.651434777220636,0.0,0.0,27.651434777220636,0.0,0.0,27.651434777220636,0.0,0.0,27.651434777220636,0.0,0.0,27.651434777220636,0.0,0.0,,,,,,,,,,,,,,,1440000.0 
 06/01  21:15:00,,13.475000000000001,,,,,,0.0,0.0,0.0,0.0,0.0,26.982552954239853,24.664523235981854,24.655180708156383,24.54592123076962,27.085913068489553,26.02005012338354,,,,0.0,0.0,,,,12.8,40.0,,,,12.8,40.0,,,,12.8,40.0,,,,12.8,40.0,,,,12.8,40.0,938.1005674463939,1690.4354851279154,1729.87939119977,1698.3377372947475,1688.1211287247534,1740.4731327813138,,,,,,,,,,,,,,,,,,,,,,,,,,,,,,,,,,,,,,,,,,,,,,,,,,,,,,,,,,,,427500.0 
 06/01  21:30:00,,13.05,,,,,,0.0,0.0,0.0,0.0,0.0,26.702600049379736,24.18133540535724,24.237408507079802,24.082478852724,26.378731748820684,25.62087513960085,,,,0.0,0.0,,,,12.8,40.0,,,,12.8,40.0,,,,12.8,40.0,,,,12.8,40.0,,,,12.8,40.0,938.1005674463942,1690.347079645625,1729.786332793299,1698.2493318124561,1688.0280703182812,1740.3872327167292,,,,,,,,,,,,,,,,,,,,,,,,,,,,,,,,,,,,,,,,,,,,,,,,,,,,,,,,,,,,427500.0 
 06/01  21:45:00,,12.624999999999998,,,,,,0.0,0.0,0.0,0.0,0.0,26.406883328503067,23.755452352948726,23.86519894126812,23.67258899536033,25.730810889592924,25.263927135779824,,,,0.0,0.0,,,,12.8,40.0,,,,12.8,40.0,,,,12.8,40.0,,,,12.8,40.0,,,,12.8,40.0,938.1005674463947,1690.2984945411595,1729.7351905758403,1698.2007467079911,1687.9769281008225,1740.3400245176074,,,,,,,,,,,,,,,,,,,,,,,,,,,,,,,,,,,,,,,,,,,,,,,,,,,,,,,,,,,,427500.0 
 06/01  22:00:00,12.837499999999999,12.2,0.0,0.0,0.0,0.0,0.0,0.0,0.0,0.0,0.0,0.0,26.11812787257523,23.39575081359812,23.540340917960812,23.32546555985685,25.16482228457768,24.958433782967724,26.552541051174472,0.0,0.0,0.0,0.0,23.999265451971482,27.720000000000002,0.0,12.8,40.0,24.07453226861628,11.970000000000002,0.0,12.8,40.0,23.9066136596777,27.720000000000002,0.0,12.8,40.0,26.09006949787021,11.970000000000002,0.0,12.8,40.0,25.465821545432988,51.87,0.0,12.8,40.0,938.1005674463947,1690.3152119158399,1729.7527878131139,1698.2174640826715,1687.9945253380965,1740.3562681206904,0.0,0.0,0.0,0.0,0.0,0.0,0.0,0.0,0.0,0.0,0.0,0.0,0.0,0.0,0.0,0.0,0.0,0.0,0.0,0.0,0.0,0.0,0.0,0.0,0.0,0.0,0.0,0.0,0.0,0.0,26.685112601525596,0.0,0.0,26.685112601525596,0.0,0.0,26.685112601525596,0.0,0.0,26.685112601525596,0.0,0.0,26.685112601525596,0.0,0.0,,,,,,,,,,,,,,,427500.0 
 06/01  22:15:00,,12.349999999999998,,,,,,0.0,0.0,0.0,0.0,0.0,25.804308864622797,23.04157485073447,23.219055706460654,22.98392037085442,24.607921360629305,24.641705150685173,,,,0.0,0.0,,,,12.8,40.0,,,,12.8,40.0,,,,12.8,40.0,,,,12.8,40.0,,,,12.8,40.0,938.1005674463947,1690.3166085267014,1729.754257929874,1698.2188606935329,1687.9959954548563,1740.3576251514987,,,,,,,,,,,,,,,,,,,,,,,,,,,,,,,,,,,,,,,,,,,,,,,,,,,,,,,,,,,,427500.0 
 06/01  22:30:00,,12.5,,,,,,0.0,0.0,0.0,0.0,0.0,25.508777063861693,22.755288793535268,22.9500438175996,22.709119865710427,24.152308939655946,24.365426316156793,,,,0.0,0.0,,,,12.8,40.0,,,,12.8,40.0,,,,12.8,40.0,,,,12.8,40.0,,,,12.8,40.0,938.1005674463948,1690.3173181867755,1729.7550049405118,1698.2195703536072,1687.9967424654933,1740.3583146997562,,,,,,,,,,,,,,,,,,,,,,,,,,,,,,,,,,,,,,,,,,,,,,,,,,,,,,,,,,,,427500.0 
 06/01  22:45:00,,12.650000000000002,,,,,,0.0,0.0,0.0,0.0,0.0,25.20901450715408,22.494403745851983,22.698867624505063,22.458788629640296,23.733949782286167,24.11061113328741,,,,0.0,0.0,,,,12.8,40.0,,,,12.8,40.0,,,,12.8,40.0,,,,12.8,40.0,,,,12.8,40.0,938.100567446395,1690.317301342618,1729.7549872098184,1698.2195535094493,1687.9967247348004,1740.3582983329634,,,,,,,,,,,,,,,,,,,,,,,,,,,,,,,,,,,,,,,,,,,,,,,,,,,,,,,,,,,,427500.0 
 06/01  23:00:00,12.575,12.8,0.0,0.0,0.0,0.0,0.0,0.0,0.0,0.0,0.0,0.0,24.9125919318549,22.258019665776075,22.467827122692356,22.232426084237098,23.35744478374459,23.861530389514932,25.35867309187337,0.0,0.0,0.0,0.0,22.637321763974448,15.840000000000002,0.0,12.8,40.0,22.83394856781442,6.840000000000001,0.0,12.8,40.0,22.596063737610557,15.840000000000002,0.0,12.8,40.0,23.962906216579,6.840000000000001,0.0,12.8,40.0,24.244818247411075,29.640000000000004,0.0,12.8,40.0,938.1005674463952,1690.317277186742,1729.7549617825782,1698.2195293535724,1687.9966993075604,1740.3582748616654,0.0,0.0,0.0,0.0,0.0,0.0,0.0,0.0,0.0,0.0,0.0,0.0,0.0,0.0,0.0,0.0,0.0,0.0,0.0,0.0,0.0,0.0,0.0,0.0,0.0,0.0,0.0,0.0,0.0,0.0,25.539693530055743,0.0,0.0,25.539693530055743,0.0,0.0,25.539693530055743,0.0,0.0,25.539693530055743,0.0,0.0,25.539693530055743,0.0,0.0,,,,,,,,,,,,,,,427500.0 
 06/01  23:15:00,,12.925,,,,,,0.0,0.0,0.0,0.0,0.0,24.6206920397085,22.03771985549242,22.2493144903164,22.019446467342796,23.015281348128813,23.6343476291516,,,,0.0,0.0,,,,12.8,40.0,,,,12.8,40.0,,,,12.8,40.0,,,,12.8,40.0,,,,12.8,40.0,938.1005674463952,1690.317276745398,1729.7549613180042,1698.2195289122278,1687.9966988429867,1740.3582744328276,,,,,,,,,,,,,,,,,,,,,,,,,,,,,,,,,,,,,,,,,,,,,,,,,,,,,,,,,,,,427500.0 
 06/01  23:30:00,,13.05,,,,,,0.0,0.0,0.0,0.0,0.0,24.33813098145448,21.830646708587977,22.041730393277895,21.81677737876418,22.701375181514337,23.412853029380074,,,,0.0,0.0,,,,12.8,40.0,,,,12.8,40.0,,,,12.8,40.0,,,,12.8,40.0,,,,12.8,40.0,938.1005674463955,1690.317277525702,1729.7549621393773,1698.2195296925324,1687.9966996643598,1740.358275191018,,,,,,,,,,,,,,,,,,,,,,,,,,,,,,,,,,,,,,,,,,,,,,,,,,,,,,,,,,,,427500.0 
 06/01  23:45:00,,13.175,,,,,,0.0,0.0,0.0,0.0,0.0,24.060900760504722,21.63756635675027,21.846452105685653,21.626553387045327,22.41415259605544,23.19743471498782,,,,0.0,0.0,,,,12.8,40.0,,,,12.8,40.0,,,,12.8,40.0,,,,12.8,40.0,,,,12.8,40.0,938.1005674463958,1690.3172781025037,1729.7549627465376,1698.2195302693344,1687.9967002715198,1740.3582757514735,,,,,,,,,,,,,,,,,,,,,,,,,,,,,,,,,,,,,,,,,,,,,,,,,,,,,,,,,,,,427500.0 
 06/01  24:00:00,13.1125,13.3,0.0,0.0,0.0,0.0,0.0,0.0,0.0,0.0,0.0,0.0,23.8036441476262,21.464841932009687,21.670378343329098,21.455481341392826,22.161591992704015,23.022721526419907,24.205841982323477,0.0,0.0,0.0,0.0,21.74269371321009,15.840000000000002,0.0,12.8,40.0,21.951968833152264,6.840000000000001,0.0,12.8,40.0,21.729564643636284,15.840000000000002,0.0,12.8,40.0,22.573100279600652,6.840000000000001,0.0,12.8,40.0,23.316839224984847,29.640000000000004,0.0,12.8,40.0,938.1005674463958,1690.3172783276857,1729.7549629835717,1698.2195304945167,1687.9967005085537,1740.3582759702742,0.0,0.0,0.0,0.0,0.0,0.0,0.0,0.0,0.0,0.0,0.0,0.0,0.0,0.0,0.0,0.0,0.0,0.0,0.0,0.0,0.0,0.0,0.0,0.0,0.0,0.0,0.0,0.0,0.0,0.0,24.41168938115015,0.0,0.0,24.41168938115015,0.0,0.0,24.41168938115015,0.0,0.0,24.41168938115015,0.0,0.0,24.41168938115015,0.0,0.0,135904326.0445525,3007355.7550347643,38356887.4033479,2405884.604027812,631952884.3088363,298350000.0,148320000.0,135904326.0445525,3007355.7550347643,38356887.4033479,2405884.604027812,631952884.3088363,298350000.0,148320000.0,427500.0 
