step,zone,baseline_temp_c,agent_temp_c,baseline_occ,agent_occ
1,SPACE1-1,21.344,21.5,0,0
1,SPACE2-1,21.538,21.7,0,0
1,SPACE3-1,21.336,21.5,0,0
1,SPACE4-1,21.964,22.2,0,0
1,SPACE5-1,22.844,23.0,0,0
2,SPACE1-1,21.273,21.3,0,0
2,SPACE2-1,21.444,21.5,0,0
2,SPACE3-1,21.266,21.3,0,0
2,SPACE4-1,21.814,22.0,0,0
2,SPACE5-1,22.688,22.8,0,0
3,SPACE1-1,21.238,21.2,0,0
3,SPACE2-1,21.38,21.4,0,0
3,SPACE3-1,21.23,21.2,0,0
3,SPACE4-1,21.7,21.8,0,0
3,SPACE5-1,22.527,22.6,0,0
4,SPACE1-1,21.23,21.2,0,0
4,SPACE2-1,21.34,21.3,0,0
4,SPACE3-1,21.223,21.2,0,0
4,SPACE4-1,21.618,21.6,0,0
4,SPACE5-1,22.391,22.4,0,0
5,SPACE1-1,21.208,21.1,0,0
5,SPACE2-1,21.294,21.3,0,0
5,SPACE3-1,21.201,21.1,0,0
5,SPACE4-1,21.534,21.5,0,0
5,SPACE5-1,22.255,22.3,0,0
6,SPACE1-1,21.169,21.1,0,0
6,SPACE2-1,21.24,21.2,0,0
6,SPACE3-1,21.163,21.1,0,0
6,SPACE4-1,21.449,21.4,0,0
6,SPACE5-1,22.142,22.1,0,0
7,SPACE1-1,21.127,21.1,0,0
7,SPACE2-1,21.188,21.1,0,0
7,SPACE3-1,21.122,21.0,0,0
7,SPACE4-1,21.369,21.3,0,0
7,SPACE5-1,22.032,22.0,0,0
8,SPACE1-1,21.086,21.0,0,0
8,SPACE2-1,21.141,21.1,0,0
8,SPACE3-1,21.082,21.0,0,0
8,SPACE4-1,21.298,21.2,0,0
8,SPACE5-1,21.938,21.9,0,0
9,SPACE1-1,21.047,20.9,0,0
9,SPACE2-1,21.098,21.0,0,0
9,SPACE3-1,21.044,20.9,0,0
9,SPACE4-1,21.234,21.2,0,0
9,SPACE5-1,21.847,21.8,0,0
10,SPACE1-1,21.01,20.9,0,0
10,SPACE2-1,21.057,21.0,0,0
10,SPACE3-1,21.007,20.9,0,0
10,SPACE4-1,21.175,21.1,0,0
10,SPACE5-1,21.77,21.7,0,0
11,SPACE1-1,20.973,20.8,0,0
11,SPACE2-1,21.018,20.9,0,0
11,SPACE3-1,20.971,20.8,0,0
11,SPACE4-1,21.12,21.0,0,0
11,SPACE5-1,21.7,21.6,0,0
12,SPACE1-1,20.937,20.8,0,0
12,SPACE2-1,20.981,20.9,0,0
12,SPACE3-1,20.935,20.8,0,0
12,SPACE4-1,21.069,21.0,0,0
12,SPACE5-1,21.636,21.5,0,0
13,SPACE1-1,20.903,20.8,0,0
13,SPACE2-1,20.946,20.8,0,0
13,SPACE3-1,20.902,20.8,0,0
13,SPACE4-1,21.023,20.9,0,0
13,SPACE5-1,21.575,21.4,0,0
14,SPACE1-1,20.871,20.7,0,0
14,SPACE2-1,20.913,20.8,0,0
14,SPACE3-1,20.87,20.7,0,0
14,SPACE4-1,20.979,20.8,0,0
14,SPACE5-1,21.518,21.3,0,0
15,SPACE1-1,20.841,20.7,0,0
15,SPACE2-1,20.882,20.7,0,0
15,SPACE3-1,20.84,20.7,0,0
15,SPACE4-1,20.939,20.8,0,0
15,SPACE5-1,21.465,21.3,0,0
16,SPACE1-1,20.812,20.6,0,0
16,SPACE2-1,20.852,20.7,0,0
16,SPACE3-1,20.811,20.6,0,0
16,SPACE4-1,20.902,20.7,0,0
16,SPACE5-1,21.415,21.2,0,0
17,SPACE1-1,20.78,20.6,0,0
17,SPACE2-1,20.821,20.6,0,0
17,SPACE3-1,20.78,20.6,0,0
17,SPACE4-1,20.864,20.7,0,0
17,SPACE5-1,21.37,21.2,0,0
18,SPACE1-1,20.755,20.6,0,0
18,SPACE2-1,20.809,20.6,0,0
18,SPACE3-1,20.773,20.6,0,0
18,SPACE4-1,20.841,20.7,0,0
18,SPACE5-1,21.329,21.1,0,0
19,SPACE1-1,20.74,20.5,0,0
19,SPACE2-1,20.818,20.6,0,0
19,SPACE3-1,20.793,20.6,0,0
19,SPACE4-1,20.836,20.6,0,0
19,SPACE5-1,21.291,21.1,0,0
20,SPACE1-1,20.731,20.5,0,0
20,SPACE2-1,20.84,20.6,0,0
20,SPACE3-1,20.822,20.6,0,0
20,SPACE4-1,20.844,20.6,0,0
20,SPACE5-1,21.256,21.0,0,0
21,SPACE1-1,20.723,20.5,0,0
21,SPACE2-1,20.862,20.6,0,0
21,SPACE3-1,20.846,20.6,0,0
21,SPACE4-1,20.858,20.6,0,0
21,SPACE5-1,21.227,21.0,0,0
22,SPACE1-1,20.711,20.5,0,0
22,SPACE2-1,20.886,20.6,0,0
22,SPACE3-1,20.868,20.6,0,0
22,SPACE4-1,20.875,20.6,0,0
22,SPACE5-1,21.201,20.9,0,0
23,SPACE1-1,20.702,20.5,0,0
23,SPACE2-1,20.926,20.7,0,0
23,SPACE3-1,20.904,20.6,0,0
23,SPACE4-1,20.903,20.7,0,0
23,SPACE5-1,21.18,20.9,0,0
24,SPACE1-1,20.697,20.5,0,0
24,SPACE2-1,20.981,20.7,0,0
24,SPACE3-1,20.955,20.7,0,0
24,SPACE4-1,20.942,20.7,0,0
24,SPACE5-1,21.163,20.9,0,0
25,SPACE1-1,20.706,20.5,0,0
25,SPACE2-1,21.054,20.8,0,0
25,SPACE3-1,21.025,20.7,0,0
25,SPACE4-1,20.998,20.7,0,0
25,SPACE5-1,21.15,20.9,0,0
26,SPACE1-1,20.727,20.5,0,0
26,SPACE2-1,21.142,20.8,0,0
26,SPACE3-1,21.108,20.8,0,0
26,SPACE4-1,21.068,20.8,0,0
26,SPACE5-1,21.141,20.8,0,0
27,SPACE1-1,20.793,20.5,0,0
27,SPACE2-1,21.5,20.9,0,0
27,SPACE3-1,21.421,20.9,0,0
27,SPACE4-1,21.189,20.8,0,0
27,SPACE5-1,21.139,20.8,0,0
28,SPACE1-1,20.908,20.6,0,0
28,SPACE2-1,22.117,21.3,0,0
28,SPACE3-1,21.93,21.2,0,0
28,SPACE4-1,21.375,21.0,0,0
28,SPACE5-1,21.147,20.8,0,0
29,SPACE1-1,21.098,20.7,0,0
29,SPACE2-1,22.422,21.9,0,0
29,SPACE3-1,22.262,21.7,0,0
29,SPACE4-1,21.146,21.1,0,0
29,SPACE5-1,21.101,20.8,0,0
30,SPACE1-1,21.1,20.6,0,0
30,SPACE2-1,22.923,22.2,0,0
30,SPACE3-1,22.644,22.0,0,0
30,SPACE4-1,21.101,20.9,0,0
30,SPACE5-1,21.101,20.6,0,0
31,SPACE1-1,21.1,20.6,0,0
31,SPACE2-1,23.744,22.7,0,0
31,SPACE3-1,23.132,22.4,0,0
31,SPACE4-1,21.099,20.7,0,0
31,SPACE5-1,21.1,20.4,0,0
32,SPACE1-1,21.178,20.7,0,0
32,SPACE2-1,23.887,23.6,0,0
32,SPACE3-1,23.631,22.9,0,0
32,SPACE4-1,21.122,20.8,0,0
32,SPACE5-1,21.1,20.3,0,0
33,SPACE1-1,22.004,20.9,11,0
33,SPACE2-1,23.898,24.8,5,0
33,SPACE3-1,23.891,23.4,11,0
33,SPACE4-1,22.085,20.9,5,0
33,SPACE5-1,21.818,20.3,20,0
34,SPACE1-1,22.763,21.5,11,11
34,SPACE2-1,23.899,26.6,5,5
34,SPACE3-1,23.899,24.1,11,11
34,SPACE4-1,22.87,21.6,5,5
34,SPACE5-1,22.546,20.9,20,20
35,SPACE1-1,23.28,22.0,11,11
35,SPACE2-1,23.899,26.0,5,5
35,SPACE3-1,23.899,24.6,11,11
35,SPACE4-1,23.375,22.3,5,5
35,SPACE5-1,23.012,21.5,20,20
36,SPACE1-1,23.736,22.5,11,11
36,SPACE2-1,23.899,26.0,5,5
36,SPACE3-1,23.899,24.9,11,11
36,SPACE4-1,23.812,22.8,5,5
36,SPACE5-1,23.378,21.9,20,20
37,SPACE1-1,22.266,22.9,11,11
37,SPACE2-1,23.9,26.0,5,5
37,SPACE3-1,22.963,25.0,11,11
37,SPACE4-1,22.322,23.3,5,5
37,SPACE5-1,22.78,22.3,20,20
38,SPACE1-1,21.729,21.6,11,11
38,SPACE2-1,23.9,25.0,5,5
38,SPACE3-1,22.536,23.1,11,11
38,SPACE4-1,21.813,21.9,5,5
38,SPACE5-1,22.486,21.6,20,20
39,SPACE1-1,21.619,21.1,11,11
39,SPACE2-1,23.899,25.0,5,5
39,SPACE3-1,22.354,22.3,11,11
39,SPACE4-1,21.71,21.4,5,5
39,SPACE5-1,22.399,21.4,20,20
40,SPACE1-1,21.613,21.0,11,11
40,SPACE2-1,23.899,25.0,5,5
40,SPACE3-1,22.271,21.9,11,11
40,SPACE4-1,21.687,21.3,5,5
40,SPACE5-1,22.397,21.4,20,20
41,SPACE1-1,21.627,20.9,11,11
41,SPACE2-1,23.899,25.0,5,5
41,SPACE3-1,22.229,21.8,11,11
41,SPACE4-1,21.677,21.3,5,5
41,SPACE5-1,22.422,21.4,20,20
42,SPACE1-1,21.647,20.9,11,11
42,SPACE2-1,23.899,25.0,5,5
42,SPACE3-1,22.202,21.7,11,11
42,SPACE4-1,21.675,21.3,5,5
42,SPACE5-1,22.441,21.4,20,20
43,SPACE1-1,21.679,21.0,11,11
43,SPACE2-1,23.899,25.0,5,5
43,SPACE3-1,22.192,21.6,11,11
43,SPACE4-1,21.688,21.3,5,5
43,SPACE5-1,22.454,21.4,20,20
44,SPACE1-1,21.718,21.0,11,11
44,SPACE2-1,23.899,24.8,5,5
44,SPACE3-1,22.196,21.5,11,11
44,SPACE4-1,21.714,21.3,5,5
44,SPACE5-1,22.467,21.3,20,20
45,SPACE1-1,21.804,21.0,8,11
45,SPACE2-1,23.899,24.5,4,5
45,SPACE3-1,22.153,21.5,8,11
45,SPACE4-1,21.857,21.3,4,5
45,SPACE5-1,22.378,21.3,16,20
46,SPACE1-1,21.873,21.1,8,9
46,SPACE2-1,23.899,24.3,4,4
46,SPACE3-1,22.139,21.5,8,9
46,SPACE4-1,21.958,21.4,4,4
46,SPACE5-1,22.315,21.3,16,16
47,SPACE1-1,21.91,21.1,8,9
47,SPACE2-1,23.808,24.1,4,4
47,SPACE3-1,22.128,21.4,8,9
47,SPACE4-1,21.994,21.5,4,4
47,SPACE5-1,22.294,21.2,16,16
48,SPACE1-1,21.929,21.2,8,9
48,SPACE2-1,23.575,23.7,4,4
48,SPACE3-1,22.115,21.4,8,9
48,SPACE4-1,22.011,21.5,4,4
48,SPACE5-1,22.291,21.2,16,16
49,SPACE1-1,22.163,21.2,4,9
49,SPACE2-1,23.631,23.3,2,4
49,SPACE3-1,22.339,21.4,4,9
49,SPACE4-1,22.258,21.5,2,4
49,SPACE5-1,22.059,21.2,8,16
50,SPACE1-1,22.319,21.4,4,4
50,SPACE2-1,23.585,23.3,2,2
50,SPACE3-1,22.482,21.6,4,4
50,SPACE4-1,22.418,21.8,2,2
50,SPACE5-1,21.887,21.0,8,8
51,SPACE1-1,22.388,21.5,4,4
51,SPACE2-1,23.462,23.3,2,2
51,SPACE3-1,22.537,21.7,4,4
51,SPACE4-1,22.507,22.0,2,2
51,SPACE5-1,21.811,20.8,8,8
52,SPACE1-1,22.439,21.6,4,4
52,SPACE2-1,23.36,23.1,2,2
52,SPACE3-1,22.576,21.8,4,4
52,SPACE4-1,22.632,22.0,2,2
52,SPACE5-1,21.779,20.8,8,8
53,SPACE1-1,22.202,21.7,8,4
53,SPACE2-1,22.942,23.0,4,2
53,SPACE3-1,22.319,21.8,8,4
53,SPACE4-1,22.52,22.2,4,2
53,SPACE5-1,21.972,20.7,16,8
54,SPACE1-1,22.099,21.5,8,9
54,SPACE2-1,22.706,22.6,4,4
54,SPACE3-1,22.196,21.6,8,9
54,SPACE4-1,22.629,22.1,4,4
54,SPACE5-1,22.128,20.9,16,16
55,SPACE1-1,22.116,21.4,8,9
55,SPACE2-1,22.618,22.3,4,4
55,SPACE3-1,22.185,21.5,8,9
55,SPACE4-1,22.918,22.2,4,4
55,SPACE5-1,22.189,21.0,16,16
56,SPACE1-1,22.146,21.4,8,9
56,SPACE2-1,22.543,22.2,4,4
56,SPACE3-1,22.176,21.5,8,9
56,SPACE4-1,23.285,22.5,4,4
56,SPACE5-1,22.214,21.1,16,16
57,SPACE1-1,22.102,21.4,11,9
57,SPACE2-1,22.322,22.1,5,4
57,SPACE3-1,22.197,21.4,11,9
57,SPACE4-1,23.532,22.8,5,4
57,SPACE5-1,22.301,21.1,20,16
58,SPACE1-1,22.092,21.4,11,11
58,SPACE2-1,22.173,21.9,5,5
58,SPACE3-1,22.202,21.4,11,11
58,SPACE4-1,23.798,23.1,5,5
58,SPACE5-1,22.373,21.2,20,20
59,SPACE1-1,22.121,21.4,11,11
59,SPACE2-1,22.101,21.7,5,5
59,SPACE3-1,22.197,21.4,11,11
59,SPACE4-1,23.869,23.5,5,5
59,SPACE5-1,22.418,21.2,20,20
60,SPACE1-1,22.156,21.4,11,11
60,SPACE2-1,22.046,21.6,5,5
60,SPACE3-1,22.189,21.4,11,11
60,SPACE4-1,23.889,23.9,5,5
60,SPACE5-1,22.448,21.2,20,20
61,SPACE1-1,22.15,21.4,11,11
61,SPACE2-1,21.957,21.6,5,5
61,SPACE3-1,22.138,21.4,11,11
61,SPACE4-1,23.896,24.0,5,5
61,SPACE5-1,22.42,21.2,20,20
62,SPACE1-1,22.156,21.4,11,11
62,SPACE2-1,21.886,21.5,5,5
62,SPACE3-1,22.1,21.3,11,11
62,SPACE4-1,23.898,24.0,5,5
62,SPACE5-1,22.4,21.2,20,20
63,SPACE1-1,22.17,21.4,11,11
63,SPACE2-1,21.829,21.4,5,5
63,SPACE3-1,22.071,21.3,11,11
63,SPACE4-1,23.898,24.0,5,5
63,SPACE5-1,22.399,21.2,20,20
64,SPACE1-1,22.175,21.4,11,11
64,SPACE2-1,21.773,21.3,5,5
64,SPACE3-1,22.037,21.3,11,11
64,SPACE4-1,23.899,24.0,5,5
64,SPACE5-1,22.404,21.2,20,20
65,SPACE1-1,22.071,21.4,11,11
65,SPACE2-1,21.631,21.3,5,5
65,SPACE3-1,21.904,21.2,11,11
65,SPACE4-1,23.899,24.0,5,5
65,SPACE5-1,22.299,21.2,20,20
66,SPACE1-1,21.973,21.3,11,11
66,SPACE2-1,21.512,21.1,5,5
66,SPACE3-1,21.789,21.1,11,11
66,SPACE4-1,23.899,24.0,5,5
66,SPACE5-1,22.217,21.1,20,20
67,SPACE1-1,21.889,21.2,11,11
67,SPACE2-1,21.42,21.0,5,5
67,SPACE3-1,21.702,21.0,11,11
67,SPACE4-1,23.899,24.0,5,5
67,SPACE5-1,22.177,21.0,20,20
68,SPACE1-1,21.792,21.1,11,11
68,SPACE2-1,21.324,20.9,5,5
68,SPACE3-1,21.611,20.9,11,11
68,SPACE4-1,23.898,24.0,5,5
68,SPACE5-1,22.153,20.9,20,20
69,SPACE1-1,24.362,21.0,11,11
69,SPACE2-1,23.719,20.8,5,5
69,SPACE3-1,23.969,20.8,11,11
69,SPACE4-1,29.929,24.0,5,5
69,SPACE5-1,24.046,20.9,20,20
70,SPACE1-1,26.543,23.3,11,11
70,SPACE2-1,25.761,23.0,5,5
70,SPACE3-1,26.153,22.8,11,11
70,SPACE4-1,34.029,29.6,5,5
70,SPACE5-1,26.192,22.5,20,20
71,SPACE1-1,27.539,24.8,11,11
71,SPACE2-1,26.687,24.5,5,5
71,SPACE3-1,27.151,24.3,11,11
71,SPACE4-1,35.638,33.0,5,5
71,SPACE5-1,27.342,23.8,20,20
72,SPACE1-1,28.246,25.7,11,11
72,SPACE2-1,27.338,25.4,5,5
72,SPACE3-1,27.842,25.2,11,11
72,SPACE4-1,36.636,34.8,5,5
72,SPACE5-1,28.228,24.8,20,20
73,SPACE1-1,28.393,26.3,5,11
73,SPACE2-1,27.482,26.1,2,5
73,SPACE3-1,27.989,25.8,5,11
73,SPACE4-1,37.012,35.7,2,5
73,SPACE5-1,28.487,25.5,10,20
74,SPACE1-1,28.343,26.4,5,6
74,SPACE2-1,27.475,26.2,2,2
74,SPACE3-1,27.95,25.9,5,6
74,SPACE4-1,36.953,36.1,2,2
74,SPACE5-1,28.501,25.7,10,10
75,SPACE1-1,28.34,26.5,5,6
75,SPACE2-1,27.529,26.4,2,2
75,SPACE3-1,27.969,26.0,5,6
75,SPACE4-1,36.653,36.1,2,2
75,SPACE5-1,28.579,25.8,10,10
76,SPACE1-1,28.328,26.5,5,6
76,SPACE2-1,27.586,26.5,2,2
76,SPACE3-1,27.99,26.1,5,6
76,SPACE4-1,36.067,35.8,2,2
76,SPACE5-1,28.707,26.0,10,10
77,SPACE1-1,28.008,26.5,1,6
77,SPACE2-1,27.331,26.6,0,2
77,SPACE3-1,27.69,26.1,1,6
77,SPACE4-1,34.702,35.3,0,2
77,SPACE5-1,28.506,26.2,2,10
78,SPACE1-1,27.575,26.4,1,1
78,SPACE2-1,26.994,26.5,0,0
78,SPACE3-1,27.282,26.0,1,1
78,SPACE4-1,33.284,34.0,0,0
78,SPACE5-1,28.167,26.1,2,2
79,SPACE1-1,27.236,26.2,1,1
79,SPACE2-1,26.747,26.2,0,0
79,SPACE3-1,26.972,25.8,1,1
79,SPACE4-1,32.221,32.6,0,0
79,SPACE5-1,27.927,26.1,2,2
80,SPACE1-1,26.902,26.0,1,1
80,SPACE2-1,26.491,25.8,0,0
80,SPACE3-1,26.671,25.7,1,1
80,SPACE4-1,31.239,31.3,0,0
80,SPACE5-1,27.701,26.1,2,2
81,SPACE1-1,26.425,25.8,1,1
81,SPACE2-1,26.076,25.5,0,0
81,SPACE3-1,26.193,25.6,1,1
81,SPACE4-1,30.23,30.3,0,0
81,SPACE5-1,27.314,26.1,2,2
82,SPACE1-1,25.947,25.5,1,1
82,SPACE2-1,25.672,25.0,0,0
82,SPACE3-1,25.712,25.2,1,1
82,SPACE4-1,29.332,29.2,0,0
82,SPACE5-1,26.931,25.9,2,2
83,SPACE1-1,25.547,25.1,1,1
83,SPACE2-1,25.366,24.6,0,0
83,SPACE3-1,25.357,24.9,1,1
83,SPACE4-1,28.574,28.3,0,0
83,SPACE5-1,26.653,25.6,2,2
84,SPACE1-1,25.119,24.8,1,1
84,SPACE2-1,25.04,24.3,0,0
84,SPACE3-1,24.975,24.6,1,1
84,SPACE4-1,27.84,27.5,0,0
84,SPACE5-1,26.373,25.4,2,2
85,SPACE1-1,24.665,24.5,0,1
85,SPACE2-1,24.655,23.9,0,0
85,SPACE3-1,24.546,24.3,0,1
85,SPACE4-1,27.086,26.8,0,0
85,SPACE5-1,26.02,25.2,0,2
86,SPACE1-1,24.181,24.1,0,0
86,SPACE2-1,24.237,23.6,0,0
86,SPACE3-1,24.082,24.0,0,0
86,SPACE4-1,26.379,26.1,0,0
86,SPACE5-1,25.621,25.0,0,0
87,SPACE1-1,23.755,23.8,0,0
87,SPACE2-1,23.865,23.3,0,0
87,SPACE3-1,23.673,23.6,0,0
87,SPACE4-1,25.731,25.4,0,0
87,SPACE5-1,25.264,24.8,0,0
88,SPACE1-1,23.396,23.5,0,0
88,SPACE2-1,23.54,23.0,0,0
88,SPACE3-1,23.325,23.2,0,0
88,SPACE4-1,25.165,24.9,0,0
88,SPACE5-1,24.958,24.4,0,0
89,SPACE1-1,23.042,23.2,0,0
89,SPACE2-1,23.219,22.7,0,0
89,SPACE3-1,22.984,22.7,0,0
89,SPACE4-1,24.608,24.3,0,0
89,SPACE5-1,24.642,24.1,0,0
90,SPACE1-1,22.755,22.9,0,0
90,SPACE2-1,22.95,22.4,0,0
90,SPACE3-1,22.709,22.4,0,0
90,SPACE4-1,24.152,23.9,0,0
90,SPACE5-1,24.365,23.9,0,0
91,SPACE1-1,22.494,22.5,0,0
91,SPACE2-1,22.699,22.2,0,0
91,SPACE3-1,22.459,22.1,0,0
91,SPACE4-1,23.734,23.4,0,0
91,SPACE5-1,24.111,23.6,0,0
92,SPACE1-1,22.258,22.1,0,0
92,SPACE2-1,22.468,22.0,0,0
92,SPACE3-1,22.232,21.9,0,0
92,SPACE4-1,23.357,23.1,0,0
92,SPACE5-1,23.862,23.4,0,0
93,SPACE1-1,22.038,21.9,0,0
93,SPACE2-1,22.249,21.8,0,0
93,SPACE3-1,22.019,21.7,0,0
93,SPACE4-1,23.015,22.7,0,0
93,SPACE5-1,23.634,23.2,0,0
94,SPACE1-1,21.831,21.6,0,0
94,SPACE2-1,22.042,21.6,0,0
94,SPACE3-1,21.817,21.5,0,0
94,SPACE4-1,22.701,22.4,0,0
94,SPACE5-1,23.413,23.0,0,0
95,SPACE1-1,21.638,21.4,0,0
95,SPACE2-1,21.846,21.4,0,0
95,SPACE3-1,21.627,21.3,0,0
95,SPACE4-1,22.414,22.1,0,0
95,SPACE5-1,23.197,22.7,0,0
96,SPACE1-1,21.465,21.2,0,0
96,SPACE2-1,21.67,21.3,0,0
96,SPACE3-1,21.455,21.1,0,0
96,SPACE4-1,22.162,21.8,0,0
96,SPACE5-1,23.023,22.6,0,0
